Model,Review fraction,Policy,Reviewed,Errors found,Error precision,Fraction of all errors found
AdaptiveMath-AI,0.05,Entropy,7178,3474,0.48397882418500976,0.08633844471506325
AdaptiveMath-AI,0.05,1 − p,7178,1878,0.261632766787406,0.04667345975097547
AdaptiveMath-AI,0.05,Random,7178,2024,0.2819726943438284,0.05030196088177548
AdaptiveMath-AI,0.1,Entropy,14356,6821,0.47513234884368905,0.1695205905012799
AdaptiveMath-AI,0.1,1 − p,14356,4137,0.2881721928113681,0.1028158162884907
AdaptiveMath-AI,0.1,Random,14356,4024,0.2803009194761772,0.10000745582424136
AdaptiveMath-AI,0.2,Entropy,28713,12985,0.4522341796398844,0.3227129259139598
AdaptiveMath-AI,0.2,1 − p,28713,9618,0.33497022254727826,0.23903372517831847
AdaptiveMath-AI,0.2,Random,28713,8093,0.28185839166927873,0.2011332852846882
AdaptiveMath-AI,0.3,Entropy,43069,18612,0.4321437693004249,0.4625593359345876
AdaptiveMath-AI,0.3,1 − p,43069,16290,0.3782302816410876,0.4048512563063847
AdaptiveMath-AI,0.3,Random,43069,12101,0.28096774942534075,0.30074309714938985
HGB100,0.05,Entropy,7178,3478,0.4845360824742268,0.08569879755568698
HGB100,0.05,1 − p,7178,1931,0.2690164391195319,0.04758032722255076
HGB100,0.05,Random,7178,2008,0.27974366118696015,0.0494776266508969
HGB100,0.1,Entropy,14356,6780,0.47227640011145167,0.1670609107037256
HGB100,0.1,1 − p,14356,4250,0.2960434661465589,0.1047210723437808
HGB100,0.1,Random,14356,4039,0.2813457787684592,0.09952197910506604
HGB100,0.2,Entropy,28713,12949,0.45098039215686275,0.319066627242263
HGB100,0.2,1 − p,28713,9785,0.34078640337129523,0.24110486891385768
HGB100,0.2,Random,28713,8180,0.284888378086581,0.20155726394638282
HGB100,0.3,Entropy,43069,18559,0.43091318581810584,0.45729844273605363
HGB100,0.3,1 − p,43069,16455,0.3820613434256658,0.40545535186280307
HGB100,0.3,Random,43069,12225,0.28384685040284197,0.30122708456534597
