Model,Window,Bin,N,Mean_probability,Observed_fraction
AdaptiveMath-AI,1,2,51,0.18781443904157205,0.2549019607843137
AdaptiveMath-AI,1,3,607,0.2426746227167986,0.2784184514003295
AdaptiveMath-AI,1,4,1471,0.3028449432591472,0.28280081577158395
AdaptiveMath-AI,1,5,1811,0.3675726421164608,0.35615681943677524
AdaptiveMath-AI,1,6,2153,0.43401160668952793,0.41662796098467253
AdaptiveMath-AI,1,7,2112,0.49965889123376406,0.4758522727272727
AdaptiveMath-AI,1,8,2159,0.5676608797219256,0.5363594256600278
AdaptiveMath-AI,1,9,2599,0.6344286470892708,0.6010003847633705
AdaptiveMath-AI,1,10,2946,0.7001034445192734,0.6782077393075356
AdaptiveMath-AI,1,11,3315,0.76689312283523,0.7653092006033182
AdaptiveMath-AI,1,12,3136,0.8325922752536721,0.8252551020408163
AdaptiveMath-AI,1,13,2969,0.8979191872299123,0.8932300437857864
AdaptiveMath-AI,1,14,1852,0.9619243913050807,0.9703023758099352
AdaptiveMath-AI,2,2,9,0.19064207433089725,0.5555555555555556
AdaptiveMath-AI,2,3,413,0.2452202261534893,0.2639225181598063
AdaptiveMath-AI,2,4,1401,0.30158097585328214,0.3033547466095646
AdaptiveMath-AI,2,5,1405,0.3664926756722798,0.3323843416370107
AdaptiveMath-AI,2,6,1319,0.4329912259049496,0.400303260045489
AdaptiveMath-AI,2,7,1326,0.4997948263006092,0.49095022624434387
AdaptiveMath-AI,2,8,1388,0.5666879803306271,0.5518731988472623
AdaptiveMath-AI,2,9,1564,0.6339643834451378,0.59846547314578
AdaptiveMath-AI,2,10,1670,0.7009131264105734,0.6634730538922156
AdaptiveMath-AI,2,11,1712,0.7656191527250116,0.7523364485981309
AdaptiveMath-AI,2,12,1495,0.8331799655376645,0.8160535117056856
AdaptiveMath-AI,2,13,1466,0.8986298605293545,0.897680763983629
AdaptiveMath-AI,2,14,819,0.9604429700658519,0.960927960927961
AdaptiveMath-AI,3,2,35,0.1861244821621031,0.2857142857142857
AdaptiveMath-AI,3,3,662,0.24430192602020076,0.2280966767371601
AdaptiveMath-AI,3,4,2008,0.30215574314406507,0.2968127490039841
AdaptiveMath-AI,3,5,2271,0.36737410313153757,0.3478643769264641
AdaptiveMath-AI,3,6,2407,0.432677871237627,0.3950976319069381
AdaptiveMath-AI,3,7,2304,0.4994193971544559,0.4865451388888889
AdaptiveMath-AI,3,8,2444,0.5669143307179945,0.5544189852700491
AdaptiveMath-AI,3,9,2691,0.6335529219010042,0.6187290969899666
AdaptiveMath-AI,3,10,2904,0.7004613563055465,0.7007575757575758
AdaptiveMath-AI,3,11,3064,0.7664860056003586,0.7653394255874674
AdaptiveMath-AI,3,12,2734,0.8319015592159494,0.831016825164594
AdaptiveMath-AI,3,13,2135,0.8981972781987103,0.8950819672131147
AdaptiveMath-AI,3,14,1393,0.9614242010766691,0.9712849964106246
AdaptiveMath-AI,4,2,88,0.18154482302081465,0.3181818181818182
AdaptiveMath-AI,4,3,941,0.24047916256062452,0.25292242295430395
AdaptiveMath-AI,4,4,1520,0.2999358124050331,0.3026315789473684
AdaptiveMath-AI,4,5,1612,0.3680141156430827,0.38337468982630274
AdaptiveMath-AI,4,6,1700,0.4336566823172484,0.43529411764705883
AdaptiveMath-AI,4,7,1719,0.5007346015302775,0.5142524723676556
AdaptiveMath-AI,4,8,1870,0.5676993270800481,0.5962566844919787
AdaptiveMath-AI,4,9,2136,0.6342467328275886,0.6315543071161048
AdaptiveMath-AI,4,10,2364,0.701126437292292,0.7102368866328257
AdaptiveMath-AI,4,11,2608,0.7664802825497483,0.7940950920245399
AdaptiveMath-AI,4,12,2279,0.8322658469944644,0.8433523475208424
AdaptiveMath-AI,4,13,2096,0.8986411795616035,0.9041030534351145
AdaptiveMath-AI,4,14,1415,0.9646379334365496,0.9724381625441696
AdaptiveMath-AI,5,2,71,0.1835109391182103,0.22535211267605634
AdaptiveMath-AI,5,3,792,0.2418375521600491,0.24494949494949494
AdaptiveMath-AI,5,4,1735,0.2998936793565507,0.2910662824207493
AdaptiveMath-AI,5,5,1882,0.3673100433673576,0.34962805526036134
AdaptiveMath-AI,5,6,1918,0.43521468668783253,0.43795620437956206
AdaptiveMath-AI,5,7,2297,0.5007689862111738,0.49891162385720506
AdaptiveMath-AI,5,8,2621,0.567883924805013,0.5730637161388783
AdaptiveMath-AI,5,9,2914,0.6351137754016875,0.6273164035689773
AdaptiveMath-AI,5,10,3684,0.7013131265051026,0.7084690553745928
AdaptiveMath-AI,5,11,4156,0.7663871768552694,0.7834456207892204
AdaptiveMath-AI,5,12,3902,0.8326905473726144,0.8398257303946693
AdaptiveMath-AI,5,13,3513,0.8978628449634788,0.9066325078280671
AdaptiveMath-AI,5,14,2037,0.967062352280408,0.9788905252822778
AdaptiveMath-AI,6,2,22,0.18704776799094985,0.09090909090909091
AdaptiveMath-AI,6,3,362,0.2428340704285217,0.2430939226519337
AdaptiveMath-AI,6,4,771,0.3024511433582993,0.30609597924773024
AdaptiveMath-AI,6,5,870,0.3670181145235036,0.37701149425287356
AdaptiveMath-AI,6,6,934,0.4350681989180584,0.49036402569593146
AdaptiveMath-AI,6,7,1205,0.5010040790874806,0.5145228215767634
AdaptiveMath-AI,6,8,1492,0.5674166020246465,0.5878016085790885
AdaptiveMath-AI,6,9,1715,0.6340220860037459,0.6612244897959184
AdaptiveMath-AI,6,10,2146,0.7010961583963977,0.733923578751165
AdaptiveMath-AI,6,11,2632,0.7672352878054192,0.7830547112462006
AdaptiveMath-AI,6,12,2879,0.8340719485111627,0.8513372698853768
AdaptiveMath-AI,6,13,2755,0.898778937013978,0.9121597096188748
AdaptiveMath-AI,6,14,1692,0.9643576585756023,0.9627659574468085
HGB100,1,2,8,0.1942298641143753,0.375
HGB100,1,3,683,0.24658470660696374,0.24890190336749635
HGB100,1,4,1560,0.30045670423051196,0.31474358974358974
HGB100,1,5,1726,0.3681093601709306,0.34936268829663963
HGB100,1,6,2097,0.43516542477094694,0.41964711492608486
HGB100,1,7,2121,0.500254406596646,0.4724186704384724
HGB100,1,8,2236,0.5682608038837959,0.5509838998211091
HGB100,1,9,2583,0.6337549606948258,0.59465737514518
HGB100,1,10,2950,0.7010151793975391,0.6796610169491526
HGB100,1,11,3334,0.7668261222920005,0.770245950809838
HGB100,1,12,3147,0.83274656354986,0.8207816968541468
HGB100,1,13,2814,0.8976717787663631,0.8866382373845061
HGB100,1,14,1922,0.9642953247994318,0.9724245577523413
HGB100,2,2,1,0.19953847687291734,0.0
HGB100,2,3,476,0.2502783613787225,0.2668067226890756
HGB100,2,4,1444,0.2999421203911925,0.3206371191135734
HGB100,2,5,1241,0.367027621148599,0.330378726833199
HGB100,2,6,1350,0.43273125192335166,0.39037037037037037
HGB100,2,7,1303,0.49977787146116676,0.49194167306216424
HGB100,2,8,1424,0.5684493216704959,0.5695224719101124
HGB100,2,9,1570,0.6332426257029763,0.5929936305732484
HGB100,2,10,1668,0.7009032450078628,0.6624700239808153
HGB100,2,11,1730,0.76486912000283,0.7410404624277457
HGB100,2,12,1531,0.8334870108768723,0.821685173089484
HGB100,2,13,1433,0.8965550470371427,0.8827634333565946
HGB100,2,14,816,0.9694652409014662,0.9632352941176471
HGB100,3,2,4,0.1834584260279328,0.75
HGB100,3,3,493,0.24879685330380139,0.26774847870182555
HGB100,3,4,1978,0.3016431102101598,0.2987866531850354
HGB100,3,5,2344,0.36746961068436546,0.34257679180887374
HGB100,3,6,2478,0.43346750192634276,0.4116222760290557
HGB100,3,7,2365,0.49922064880016925,0.46807610993657506
HGB100,3,8,2530,0.5675698734105747,0.5501976284584981
HGB100,3,9,2759,0.6336059773639182,0.6263138818412468
HGB100,3,10,2902,0.7001426723862088,0.6943487250172296
HGB100,3,11,2928,0.7665442777626178,0.7657103825136612
HGB100,3,12,2651,0.8320374588640853,0.8249717087891362
HGB100,3,13,2221,0.8974748952021675,0.8878883385862224
HGB100,3,14,1399,0.9664314373643966,0.9742673338098642
HGB100,4,2,4,0.19298069359113035,0.25
HGB100,4,3,524,0.2502926611454718,0.2480916030534351
HGB100,4,4,1622,0.30081425061128425,0.2916152897657213
HGB100,4,5,1630,0.3677395057911968,0.38404907975460123
HGB100,4,6,1746,0.43232898038596007,0.41408934707903783
HGB100,4,7,1632,0.5000888020919062,0.5
HGB100,4,8,1854,0.5667393350731047,0.5841423948220065
HGB100,4,9,2140,0.6337445057098228,0.6154205607476636
HGB100,4,10,2454,0.7006010271978266,0.7049714751426243
HGB100,4,11,2708,0.7658010699981967,0.7751107828655834
HGB100,4,12,2354,0.8331135656381203,0.8355989804587935
HGB100,4,13,2201,0.8972693561878639,0.8973194002726034
HGB100,4,14,1479,0.9696430628020036,0.9702501690331304
HGB100,5,2,6,0.1890774868665361,0.3333333333333333
HGB100,5,3,878,0.2489527757788142,0.2528473804100228
HGB100,5,4,1939,0.29798684005663184,0.29396596183599794
HGB100,5,5,1892,0.36695129095666085,0.37315010570824525
HGB100,5,6,2041,0.43400752645389634,0.45173934345908867
HGB100,5,7,2209,0.5012301770964805,0.5088275237664102
HGB100,5,8,2618,0.5676221414820566,0.5752482811306341
HGB100,5,9,3010,0.6341906811340557,0.6455149501661129
HGB100,5,10,3673,0.7012703835279085,0.7073237135856248
HGB100,5,11,3925,0.7658633211318062,0.7864968152866242
HGB100,5,12,3893,0.8332688920029767,0.839455432828153
HGB100,5,13,3522,0.8971165671112824,0.9051675184554231
HGB100,5,14,1916,0.9728573376660011,0.9786012526096033
HGB100,6,3,230,0.25200249958492077,0.1956521739130435
HGB100,6,4,944,0.29983435204866726,0.3040254237288136
HGB100,6,5,836,0.3662102504231817,0.38995215311004783
HGB100,6,6,1002,0.4337731576050602,0.47704590818363274
HGB100,6,7,1153,0.5004153095535492,0.5368603642671292
HGB100,6,8,1512,0.5687872433787016,0.5978835978835979
HGB100,6,9,1702,0.6338768562473035,0.6674500587544065
HGB100,6,10,2207,0.7015036513228986,0.716810149524241
HGB100,6,11,2601,0.7670417271255915,0.7943098808150711
HGB100,6,12,2824,0.8339606130286578,0.8459631728045326
HGB100,6,13,2833,0.8976884240026795,0.9064595834804094
HGB100,6,14,1631,0.9664780547635937,0.9638258736971184
