fold,window_start,window_end_exclusive,model,N,students,questions,prevalence,ROC_AUC,AP_correct,AP_incorrect,Log_Loss,Brier,ECE15,Calibration_Intercept,Calibration_Slope,Accuracy,NA_reason,estimand
0,2019-11-01 00:00:00+00:00,2019-12-01 00:00:00+00:00,Question_only,27181,889.0,10262.0,0.6415142930723667,0.7608836068586009,0.8504475543671655,0.6081808399346473,0.5501789705162219,0.1868861137730345,0.0137817676771826,-0.0664798292393013,1.0179444064994805,0.7114896435009479,,within_window
0,2019-11-01 00:00:00+00:00,2019-12-01 00:00:00+00:00,RecentQuestionRateControl,27181,889.0,10262.0,0.6415142930723667,0.7599726008706358,0.8497656484364464,0.6081437587073963,0.5509142844481142,0.1871801578799904,0.0130335297910739,-0.0497217118521299,0.9924930423129223,0.7109009970199502,,within_window
1,2019-12-01 00:00:00+00:00,2020-01-01 00:00:00+00:00,Question_only,15987,624.0,7664.0,0.6008632013510977,0.7509820887489123,0.8218883675097062,0.6284951853397645,0.5741852411016538,0.1967360859475225,0.0189341152105617,-0.0813198647213769,0.9840651347644628,0.6948770876337245,,within_window
1,2019-12-01 00:00:00+00:00,2020-01-01 00:00:00+00:00,RecentQuestionRateControl,15987,624.0,7664.0,0.6008632013510977,0.7499829597045908,0.8210980401709342,0.6264685650594465,0.5752355881513386,0.1971215446694654,0.0207548472130801,-0.0654940241196795,0.9565183709846852,0.6935009695377714,,within_window
2,2020-01-01 00:00:00+00:00,2020-02-01 00:00:00+00:00,Question_only,27052,904.0,10425.0,0.6119695401449061,0.7560858236035831,0.8307939536940133,0.6314233139079239,0.5658249494046663,0.1931824085076029,0.010593313449749,-0.0607113803409017,1.0432538619110474,0.7032382078959167,,within_window
2,2020-01-01 00:00:00+00:00,2020-02-01 00:00:00+00:00,RecentQuestionRateControl,27052,904.0,10425.0,0.6119695401449061,0.7554921834537908,0.8302117358333261,0.6300363635610742,0.566375391758851,0.1933683690190276,0.0107027179265857,-0.0417084027612564,1.0095792939568833,0.7032751737394773,,within_window
3,2020-02-01 00:00:00+00:00,2020-03-01 00:00:00+00:00,Question_only,22348,752.0,9673.0,0.6432342938965455,0.7657873889595677,0.8540082706285368,0.6145238979493225,0.5451748061081328,0.1846661903549143,0.0119497995572798,0.0558333091083794,1.0205972534034478,0.7198407016287534,,within_window
3,2020-02-01 00:00:00+00:00,2020-03-01 00:00:00+00:00,RecentQuestionRateControl,22348,752.0,9673.0,0.6432342938965455,0.7653198501465083,0.8534956166388655,0.6145173716636254,0.5458432379205969,0.1848558376869225,0.0127607077496845,0.0578069409631084,1.0279354610653768,0.7197959548952648,,within_window
4,2020-03-01 00:00:00+00:00,2020-04-01 00:00:00+00:00,Question_only,31522,946.0,12427.0,0.6665503457902417,0.7676902242484,0.8657280087501498,0.6038432362526135,0.5312409906526759,0.1788377430641181,0.0091009637120676,-0.008464321477502,1.0561500989850348,0.7305691263245064,,within_window
4,2020-03-01 00:00:00+00:00,2020-04-01 00:00:00+00:00,RecentQuestionRateControl,31522,946.0,12427.0,0.6665503457902417,0.767096767126862,0.8655899102275884,0.6023872377707573,0.5316133315097122,0.1790305074994626,0.0080854854193669,0.0118085669484504,1.0234310161556033,0.7291415519320186,,within_window
5,2020-04-01 00:00:00+00:00,2020-04-30 00:00:00+00:00,Question_only,19475,605.0,9917.0,0.7174326059050065,0.7656591121548855,0.8858865076122897,0.5599734569327057,0.5014478657619745,0.1658728855553443,0.0182483155357222,0.0931708414558719,1.0185779716882029,0.7557894736841894,,within_window
5,2020-04-01 00:00:00+00:00,2020-04-30 00:00:00+00:00,RecentQuestionRateControl,19475,605.0,9917.0,0.7174326059050065,0.7654560568399256,0.8859305438044774,0.5585074184456638,0.501685132323769,0.1660334100437833,0.0187781246486207,0.1165855646771152,0.9866799737478148,0.7540949935814938,,within_window
macro,,,Question_only,143565,,,,0.7611813740956582,0.8514587770936436,0.6077399883861628,0.5446754705908875,0.1843635712004227,0.0137680458570938,-0.0113285408691384,1.023431454541946,,,Equal-window mean of within-window metrics; calibration coefficients are descriptive means.
macro,,,RecentQuestionRateControl,143565,,,,0.7605534030237188,0.851015249185273,0.6066767858679939,0.545277827685397,0.1845983044664419,0.0140192354580686,0.0048794889759347,0.9994395263705476,,,Equal-window mean of within-window metrics; calibration coefficients are descriptive means.
