model,N,ROC_AUC,AP_correct,AP_incorrect,Log_Loss,Brier,ECE15,Calibration_Intercept,Calibration_Slope,estimand
Ablation_no_question,143565,0.7566090515031075,0.8484212425812122,0.6022251229613423,0.5483071256751475,0.18586955280053297,0.015440576648169316,-0.005270240870914465,1.0053708815318896,Equal-window mean of within-window metrics; calibration coefficients are descriptive means.
Ablation_no_subject,143565,0.7612079250212657,0.8514847798298631,0.6078014152037349,0.5447168427202019,0.18438424461204428,0.014625114659057465,-0.014211504849918682,1.02180042284623,Equal-window mean of within-window metrics; calibration coefficients are descriptive means.
AdaptiveMath-AI,143565,0.7611728680116844,0.8514397747611501,0.607783878269181,0.5447211052750505,0.18438258194194437,0.014285874266734484,-0.0131381210651047,1.0220369646526937,Equal-window mean of within-window metrics; calibration coefficients are descriptive means.
Converged_item_intercept,143565,0.761180357991421,0.8514583532040625,0.6077421915838858,0.5446775996060073,0.1843647490469417,0.013779394406360368,-0.011531878017829802,1.0233473520823846,Equal-window mean of within-window metrics; calibration coefficients are descriptive means.
HGB100,143565,0.7568333895144695,0.8486292877846724,0.6027923825863619,0.547904181312849,0.1857593722734835,0.014948049993478416,-0.010041523894832233,1.001169775769136,Equal-window mean of within-window metrics; calibration coefficients are descriptive means.
HGB80,143565,0.7569272154504109,0.8487324180057629,0.6028674235008674,0.5477853844703247,0.1857110496536598,0.013975512931725068,-0.01878727623270805,1.009318267711517,Equal-window mean of within-window metrics; calibration coefficients are descriptive means.
No_calibration,143565,0.7611728680116844,0.8514397747611501,0.607783878269181,0.5446685807083903,0.18436341595183925,0.013973637801580485,-0.023853632082380904,1.024665674631149,Equal-window mean of within-window metrics; calibration coefficients are descriptive means.
Question_only,143565,0.7611813740956582,0.8514587770936436,0.6077399883861628,0.5446754705908875,0.18436357120042277,0.013768045857093817,-0.011328540869138433,1.023431454541946,Equal-window mean of within-window metrics; calibration coefficients are descriptive means.
RecentQuestionRateControl,143565,0.7605534030237188,0.851015249185273,0.6066767858679939,0.545277827685397,0.18459830446644196,0.014019235458068635,0.0048794889759347,0.9994395263705477,Equal-window mean of within-window metrics; calibration coefficients are descriptive means.
