Model,Family,N,Accuracy,Balanced_Accuracy,Macro_F1,Weighted_F1,ROC_AUC,PR_AUC,MCC,Kappa,Log_Loss,Brier_Score,ECE,FPR,FNR
AdaptiveMath-AI,Proposed,21452,0.7017527503263099,0.6598380232921616,0.6645265604092625,0.6942929260944023,0.7409804311708923,0.8254832372528953,0.3361733607564436,0.3323992980366648,0.5703884153336071,0.1943744552397946,0.0130308350026356,0.4975219214639725,0.1828020319517043
HistGradientBoosting,Classical ML,21452,0.7019392131269812,0.6571519120331496,0.662148481464756,0.6930319697448368,0.7406583689532826,0.825318756499627,0.3338204807757035,0.3287871058071583,0.5706103334603893,0.1944255036915506,0.0118707328042441,0.5109925022239167,0.1747036737097843
MLPClassifier,Classical ML,21452,0.6969513332090248,0.6466643748497153,0.6515284623642477,0.685039925760898,0.7392727721265285,0.8247709209151548,0.3176311750548639,0.3101671453866295,0.576650469321699,0.1963425409023516,0.0319757445409574,0.5421273351124667,0.1645439151881027
Logistic Regression,Classical ML,21452,0.6965784076076823,0.6327644432908017,0.6359396815252436,0.6755158872174257,0.7374076676152876,0.8227722021837985,0.3064206302944994,0.2890221025211796,0.5776881818064586,0.1970884135089828,0.0362000121895833,0.6068115389503114,0.1276595744680851
Subject-graph embedding proxy,Knowledge Tracing,21452,0.694620548200634,0.6284384984568454,0.6307657598494949,0.6716654639901078,0.7374060490476333,0.8232074562291662,0.3001728133897333,0.2809616866287575,0.5785384382213357,0.1976913638426125,0.0429935923487687,0.6200279578091245,0.1230950452771847
Gated MLP proxy,Deep Tabular,21452,0.6989558083162409,0.6400144709304173,0.644376658071147,0.6814858042515929,0.737358259200362,0.8236096443437935,0.3153579433386423,0.3017238015305693,0.5790960259651513,0.1977757833787002,0.0419783215826013,0.5812682678866438,0.1387027902525215
Random Forest,Classical ML,21452,0.6748088756293119,0.6742456518092166,0.6637051609022055,0.6799818735627201,0.7363803683386574,0.8211820534276393,0.3374946391432182,0.332358224316755,0.6016845559028592,0.2074400035508425,0.1072232154626365,0.3278688524590163,0.3236398439225502
Extra Trees,Classical ML,21452,0.6754614954316613,0.6731037570070764,0.6635522465506388,0.6804128630288754,0.7349718729897425,0.8202672062398055,0.335734484370813,0.3313458156867606,0.599542981254219,0.2067238246358556,0.1008407722840978,0.335747871394078,0.3180446145917691
Residual MLP,Deep Tabular,21452,0.6948070110013053,0.6358562349663249,0.6398326118778616,0.6773130696503658,0.7349384163542994,0.8206596200647436,0.3055310388565421,0.2925692203641388,0.5762667129678669,0.1968368043006917,0.0207160964084443,0.5854619392553057,0.1428255908120444
Compact numeric-token Transformer proxy,Deep Tabular,21452,0.6942476225992914,0.6331959365868396,0.6367457200538236,0.6752420142711408,0.7329975245177214,0.8201732260808909,0.3026523436007301,0.2881172512672143,0.5798685335305561,0.1982008365435016,0.0344099373982654,0.5960096581522429,0.1375984686740778
DeepFM-style proxy,Collaborative Deep,21452,0.6848778668655603,0.6145972142467223,0.6143847494375406,0.6583007626280885,0.7268882034831818,0.8155466186662242,0.2733037634190713,0.2525367810221069,0.6114723702354119,0.2067288706582093,0.0831312302502788,0.6492565764391918,0.1215489950673636
Compact entity-token Transformer proxy,Deep Tabular,21452,0.6934551556964386,0.6456410050436907,0.6502466782690821,0.6829911398101849,0.7262428581053102,0.8135671369489128,0.3120741247993849,0.306228578198523,0.59841993555232,0.2036460906287376,0.0589791575737427,0.5338670733257085,0.1748509165869101
Deeper entity-token Transformer proxy,Deep Tabular,21452,0.6935017713966064,0.6315912343502869,0.634890793151345,0.6738556715333606,0.725910471671478,0.813207477964503,0.3002504578017332,0.2851407059508517,0.5880828940961111,0.201003654730608,0.0429139222714264,0.6008387342737324,0.1359787970256938
Decision Tree,Classical ML,21452,0.6388681707999254,0.6630518203520512,0.6361887052459829,0.6445050910011307,0.7238187068754051,0.8060593245620116,0.3157421903694491,0.2955110525505989,0.6269489220320601,0.2183845727852313,0.1290928428412367,0.2461558012453933,0.4277405580505043
Naive Bayes,Classical ML,21452,0.6873018832742868,0.6548953012672253,0.6572506695401394,0.6842835151441882,0.7177265725968243,0.7949397982601653,0.3158359873437242,0.3151653005651594,2.4274198868749317,0.2890588995075247,0.2766694576422333,0.4667683314271191,0.2234410660384304
Elo Rating,Psychometric,21452,0.6846447883647212,0.6366255878873956,0.6406635919974295,0.6741490758139126,0.7126431521344974,0.7996964535130513,0.2922441834376963,0.2869902584060527,0.5996785146518553,0.2061920933282519,0.0517329416117427,0.5436523065192528,0.1830965177059559
Student Historical Mean,Simple,21452,0.6810553794517994,0.6151872523258186,0.6161711397410784,0.6582061222475477,0.7028492179703261,0.7878996262579625,0.2671385653718979,0.2512324842618085,0.7329644301775237,0.2094261762730754,0.0491674718214001,0.6321006481128478,0.1375248472355149
Rasch-style logit baseline,Psychometric,21452,0.6562558269625209,0.5442293586335853,0.4946147204779713,0.5707453899844597,0.7025857984235656,0.7959115867903263,0.1697613027182282,0.1067763719414877,0.6353562695075343,0.2199824043451701,0.1176092955585115,0.8763502350997585,0.0351910476330707
2PL-inspired smoothed baseline,Psychometric,21452,0.6562558269625209,0.5442293586335853,0.4946147204779713,0.5707453899844597,0.7025857984235656,0.7959115867903263,0.1697613027182282,0.1067763719414877,0.6353562702413458,0.2199824044821426,0.1176092953544439,0.8763502350997585,0.0351910476330707
Student-Question Backoff Mean,Simple,21452,0.672245012120082,0.5796559172162336,0.561819907278649,0.6204111459325582,0.702514529989425,0.7928139288113087,0.2274280151842284,0.1842008542997737,0.600819570726488,0.2072251172509912,0.0351895075906493,0.7679501842673783,0.0727379813001546
DKT-inspired GRU proxy,Knowledge Tracing,21452,0.6559295170613463,0.6007991448573797,0.6023717933143218,0.6412424694848409,0.668688159430074,0.764658301105891,0.2198348078960251,0.213944955359985,0.6225389927336891,0.2157713409236503,0.0367762800774955,0.6061761341974838,0.1922255760877567
Static key-value attention proxy,Knowledge Tracing,21452,0.6390080179004288,0.6168663151156433,0.6154650003481373,0.6408087837493796,0.6659998448607581,0.7593831450460456,0.2314113708728892,0.2312233296983211,0.6311606264508519,0.2200847624798335,0.0718439850604025,0.466260007624857,0.3000073621438563
Compact Transformer KT proxy,Knowledge Tracing,21452,0.6480514637329853,0.6128612864037033,0.6144146130725614,0.644749361284945,0.6638889566410705,0.7600643164821549,0.2300026633735609,0.2295388649112848,0.6259364621860338,0.2182341155678923,0.0474920182053153,0.5192527640106748,0.2550246631819186
PFA-style logistic baseline,Psychometric,21452,0.6542979675554726,0.5472006371879841,0.5060586663884739,0.5781348548558183,0.6624443148405241,0.7558085201181124,0.1628286188428911,0.1125693167020515,0.6242040198148994,0.2166225952047007,0.0416049994659128,0.8548735544541873,0.0507251711698446
Fixed-parameter BKT proxy,Psychometric,21452,0.5850270371060974,0.601584042577049,0.5809964004681325,0.5919427206911984,0.6434455630368622,0.745430073093973,0.1963125990918196,0.1852887544187145,0.9737511135227408,0.2864728973593984,0.2423598087466854,0.3362561951963401,0.4605757196495619
SAKT-inspired attention proxy,Knowledge Tracing,21452,0.6468860712287898,0.5920273502006982,0.5930738985832573,0.632489711235042,0.63238509500529,0.7232975122676196,0.1999083773704448,0.1949288038766704,0.7300592182815372,0.248808152621743,0.1653109922165993,0.6139280721819799,0.2020172274166237
Time-aware SAKT proxy,Knowledge Tracing,21452,0.6474920753309714,0.5908486446792764,0.5915668718130979,0.6318234368044219,0.6315053286381399,0.7213753711925328,0.1988608867112146,0.1931813358549654,0.7304869801657143,0.2489307897691852,0.1655588475610479,0.6218070911170416,0.1964956195244055
Student-question embedding MLP,Collaborative Deep,21452,0.641245571508484,0.5407961801653666,0.5074683490165799,0.5758407147874869,0.6235592046366032,0.7356972442077737,0.1246792391714543,0.095553136678998,0.6352049217941022,0.2223864601628424,0.0123616966356231,0.8363197356716229,0.0820879039976441
Subject-time SAKT proxy,Knowledge Tracing,21452,0.6368170799925414,0.5465476574100783,0.5254260654868885,0.5866680800048624,0.6113199936600799,0.72115128557107,0.1261002469773201,0.1064029787869813,0.6489563874029756,0.2276288734760264,0.0548135566822288,0.7923497267759563,0.1145549584038872
Subject Historical Mean,Simple,21452,0.6328081297781093,0.5049712761780045,0.4100971423089336,0.5066429720941449,0.5770177922780232,0.6999434598566159,0.0353359224370455,0.0124218411460861,0.6489922546675639,0.2285865832326787,0.0218561942144358,0.9749650527385944,0.0150923949053964
AFM-style logistic baseline,Psychometric,21452,0.6340201379824725,0.5058748953673198,0.4104146218904177,0.5071281120841957,0.5760130734235522,0.700009714774304,0.0433791443782574,0.0146944567164243,0.6494264115959743,0.228773160441581,0.023257461117201,0.9752192146397256,0.0130309946256349
Exposure-SVD collaborative proxy,Psychometric,21452,0.6331810553794518,0.5,0.3876980162694448,0.4909660782200138,0.5559026509958256,0.6713628148031825,0.0,0.0,0.6603070950590489,0.2335067589800687,0.0567362035667059,1.0,0.0
Global Correctness Mean,Simple,21452,0.6331810553794518,0.5,0.3876980162694448,0.4909660782200138,0.5,0.6331810553794518,0.0,0.0,0.6579913271189783,0.2326061750333995,0.018530206296316,1.0,0.0
Question Historical Mean,Simple,21452,0.6331810553794518,0.5,0.3876980162694448,0.4909660782200138,0.5,0.6331810553794518,0.0,0.0,0.6579913290324234,0.2326061759020412,0.0185302297348365,1.0,0.0
Neural MF proxy,Collaborative Deep,21452,0.6331810553794518,0.5,0.3876980162694448,0.4909660782200138,0.5,0.6331810553794518,0.0,0.0,0.6931471805599453,0.25,0.1331810553794518,1.0,0.0
Majority Class,Simple,21452,0.6331810553794518,0.5,0.3876980162694448,0.4909660782200138,0.5,0.6331810553794518,0.0,0.0,2.5345289989903734,0.3660863067313071,0.3658189446205482,1.0,0.0
