Model,Split,N,Accuracy,Balanced_Accuracy,Macro_F1,Weighted_F1,Precision,Recall,Specificity,ROC_AUC,PR_AUC,MCC,Kappa,Log_Loss,Brier_Score,ECE,MCE,FPR,FNR,Calibration_Slope,Calibration_Intercept,Confusion_Matrix,History_Cap,Family
Deeper entity-token Transformer proxy,stress_short_history,271,0.7343173431734318,0.6501145912910619,0.6595477386934674,0.7201876541378479,0.7725118483412322,0.8716577540106952,0.4285714285714285,0.7675070028011204,0.8788670659843569,0.3344232762976348,0.3258706467661693,0.5187954102565892,0.1739336468135214,0.0586719869247661,0.2846707070575041,0.5714285714285714,0.1283422459893048,0.9977990659976558,0.0694203584035911,"[[36,48],[24,163]]",5,Deep Tabular
Compact numeric-token Transformer proxy,stress_short_history,271,0.7380073800738007,0.65934555640438,0.6686299836390253,0.7262579822904921,0.7788461538461539,0.8663101604278075,0.4523809523809524,0.7592946269416858,0.8673871059943259,0.3489220832377766,0.3422554951628892,0.5260960176183183,0.1757029141233822,0.0904923538880154,0.2078578033868005,0.5476190476190477,0.1336898395721925,1.0770603044384497,0.0447228100027784,"[[38,46],[25,162]]",5,Deep Tabular
Logistic Regression,stress_short_history,271,0.7380073800738007,0.6495098039215687,0.6596982720503706,0.7217431807150884,0.7710280373831776,0.8823529411764706,0.4166666666666667,0.7553475935828876,0.8659364664832027,0.339324954377062,0.328060066352366,0.5229710124713614,0.174385871445807,0.0775909404045122,0.2381275372409427,0.5833333333333334,0.1176470588235294,1.0595428407777967,0.0714658071990444,"[[35,49],[22,165]]",5,Classical ML
Random Forest,stress_short_history,271,0.6863468634686347,0.6579768270944741,0.649375161727324,0.6926488580836309,0.7965116279069767,0.732620320855615,0.5833333333333334,0.7543926661573721,0.8696567453154067,0.3034603875640381,0.3011437759776706,0.569458546331291,0.1942998795955227,0.1335451964535821,0.2578366021097275,0.4166666666666667,0.267379679144385,1.1702804425126598,0.6526812728385436,"[[49,35],[50,137]]",5,Classical ML
Compact entity-token Transformer proxy,stress_short_history,271,0.7343173431734318,0.6730646804176216,0.6784018987341772,0.7293690737540287,0.7918781725888325,0.8342245989304813,0.5119047619047619,0.7542653425006366,0.8649552842720654,0.3592939577704536,0.3578621733693148,0.5393891117318891,0.1815591729188674,0.1010142082547789,0.3677178106524728,0.4880952380952381,0.1657754010695187,0.7668409122729445,0.1715679773491292,"[[43,41],[31,156]]",5,Deep Tabular
Extra Trees,stress_short_history,271,0.6605166051660517,0.6392602495543672,0.627212918660287,0.6695620508836667,0.7878787878787878,0.6951871657754011,0.5833333333333334,0.7532467532467532,0.867116663765477,0.2639506320683478,0.2597826732379312,0.568884741201049,0.1945507147349243,0.1368737282008073,0.3276987982121476,0.4166666666666667,0.3048128342245989,1.079479341732666,0.6595125890521549,"[[49,35],[57,130]]",5,Classical ML
Gated MLP proxy,stress_short_history,271,0.7158671586715867,0.61707410236822,0.6239163737947193,0.694594962170222,0.7522935779816514,0.8770053475935828,0.3571428571428571,0.7518461930226635,0.8678856126123161,0.2730141125378916,0.2606384863409275,0.5299236218042674,0.177988404017868,0.0655158873633704,0.2580231130123138,0.6428571428571429,0.1229946524064171,1.0757647378140147,-0.0757962446429844,"[[30,54],[23,164]]",5,Deep Tabular
HistGradientBoosting,stress_short_history,271,0.7232472324723247,0.6552075375604787,0.6611652913228308,0.7162897735503986,0.78,0.8342245989304813,0.4761904761904761,0.750445632798574,0.8692234522270424,0.3264818768873712,0.3242344648734914,0.5326369236439104,0.1794813439249208,0.0730980576579192,0.2517126211099028,0.5238095238095238,0.1657754010695187,0.991557381263516,0.1621819275133189,"[[40,44],[31,156]]",5,Classical ML
Student-Question Backoff Mean,stress_short_history,271,0.7601476014760148,0.6262095747389865,0.6318011747246086,0.7144241869458264,0.75,0.9786096256684492,0.2738095238095238,0.7501273236567354,0.8565515374523791,0.3897677931232742,0.3104325699745546,0.5553699021581684,0.1855837931242316,0.0994903421753887,0.443525094985962,0.7261904761904762,0.0213903743315508,2.2577286329713866,-0.5462607640957473,"[[23,61],[4,183]]",5,Simple
Residual MLP,stress_short_history,271,0.7195571955719557,0.626305067481538,0.6340440653873489,0.7012795799599787,0.7581395348837209,0.8716577540106952,0.3809523809523809,0.7498726763432645,0.8653719874816631,0.2885346492452398,0.2781438384971261,0.5323727819751336,0.178341571638062,0.0716834873290959,0.2455702006816864,0.6190476190476191,0.1283422459893048,1.1628618078062567,-0.010901367976942,"[[32,52],[24,163]]",5,Deep Tabular
Subject-graph embedding proxy,stress_short_history,271,0.7416974169741697,0.6390692640692641,0.6494826311899482,0.7178144508717813,0.7623318385650224,0.9090909090909092,0.369047619047619,0.7466259230965113,0.85805006435054,0.3369368785829447,0.3153601847841779,0.5311866425498617,0.1774787988947823,0.069370120983722,0.2985274146000544,0.6309523809523809,0.0909090909090909,1.0819599110096152,-0.070653505606654,"[[31,53],[17,170]]",5,Knowledge Tracing
Naive Bayes,stress_short_history,271,0.7158671586715867,0.6465813598166539,0.6521296990914396,0.7087241675117427,0.775,0.8288770053475936,0.4642857142857143,0.7461802902979373,0.8697226249108496,0.3083365551817769,0.3062140506034511,1.8898592339739233,0.2559570441070841,0.2497471788192875,0.8975425930255633,0.5357142857142857,0.1711229946524064,0.103035539167231,0.3843772140612573,"[[39,45],[32,155]]",5,Classical ML
Rasch-style logit baseline,stress_short_history,271,0.7601476014760148,0.6360453272217979,0.645751633986928,0.7222632226322264,0.7563025210084033,0.962566844919786,0.3095238095238095,0.7455436720142602,0.8622995528570495,0.3847942937091042,0.3267209417880212,0.5374871460697653,0.1797844878554199,0.0675520345953557,0.3131483942270279,0.6904761904761905,0.0374331550802139,1.1584043609231232,-0.364724296859767,"[[26,58],[7,180]]",5,Psychometric
AdaptiveMath-AI,stress_short_history,271,0.7195571955719557,0.6590909090909092,0.6630235602094241,0.7154826993296111,0.7846153846153846,0.8181818181818182,0.5,0.7454163483575249,0.8650712395361912,0.3275757195560961,0.3267520920502093,0.5377165623478696,0.1815098982859805,0.0713090872312054,0.2420767564544968,0.5,0.1818181818181818,1.0033949932367408,0.189683504820848,"[[42, 42], [34, 153]]",5,Proposed
Decision Tree,stress_short_history,271,0.6789667896678967,0.6854150751209575,0.6587247593544184,0.6903145945406042,0.8333333333333334,0.6684491978609626,0.7023809523809523,0.7433473389355743,0.8591030055028301,0.344982582317474,0.3307122377721634,0.6085289687030536,0.2108487899649741,0.1644775394123062,0.3337606478978733,0.2976190476190476,0.3315508021390374,0.9208477420672192,0.8475421187513499,"[[59,25],[62,125]]",5,Classical ML
DeepFM-style proxy,stress_short_history,271,0.7158671586715867,0.6039597657244716,0.6083300486138484,0.6863323185853065,0.7433628318584071,0.8983957219251337,0.3095238095238095,0.7386045327221797,0.8622778931873482,0.2584016352208003,0.2384028614182999,0.5447046197291329,0.1837524709123368,0.0834192174497125,0.8037313967943192,0.6904761904761905,0.1016042780748663,0.8157608372905659,-0.0505675989045848,"[[26,58],[19,168]]",5,Collaborative Deep
MLPClassifier,stress_short_history,271,0.7269372693726938,0.6414884135472371,0.6500907314349526,0.7124150889750104,0.7677725118483413,0.8663101604278075,0.4166666666666667,0.7343391902215431,0.8585280805536939,0.315205993032864,0.3071448313985628,0.5396111814011564,0.1823732145718754,0.0720147807241422,0.2456556961032316,0.5833333333333334,0.1336898395721925,0.9848019232661728,0.1280963279414904,"[[35,49],[25,162]]",5,Classical ML
2PL-inspired smoothed baseline,stress_short_history,271,0.7601476014760148,0.6360453272217979,0.645751633986928,0.7222632226322264,0.7563025210084033,0.962566844919786,0.3095238095238095,0.7222434428316781,0.8263334044554044,0.3847942937091042,0.3267209417880212,0.5654353798924648,0.1844670852562689,0.0860181179964305,0.2418230651918618,0.6904761904761905,0.0374331550802139,0.7831728492626977,-0.1557492550044678,"[[26,58],[7,180]]",5,Psychometric
Elo Rating,stress_short_history,271,0.6974169741697417,0.643048128342246,0.6439694950012818,0.6963989269474853,0.7777777777777778,0.786096256684492,0.5,0.7172141583906289,0.8211360663398704,0.2880280561896942,0.2879846203140018,0.6229074380954707,0.2156608930464792,0.1810467301479565,0.3829497620463371,0.5,0.213903743315508,2.685015536096115,0.4257973202280311,"[[42,42],[40,147]]",5,Psychometric
Question Historical Mean,stress_short_history,271,0.7416974169741697,0.5997262541380188,0.5952807646356033,0.6878017167268448,0.7368421052631579,0.9732620320855616,0.2261904761904762,0.7141902215431628,0.8241100741369587,0.3246727586467516,0.2482960849579963,0.5770962821634875,0.1946817909538431,0.0946582741622995,0.3822882771492004,0.7738095238095238,0.0267379679144385,1.8578142928557713,-0.2049512402075572,"[[19,65],[5,182]]",5,Simple
Student Historical Mean,stress_short_history,271,0.6900369003690037,0.5950789406671759,0.599225352112676,0.6717337976196663,0.7417840375586855,0.8449197860962567,0.3452380952380952,0.6833460656990069,0.8000721314000661,0.2144228073751134,0.2078780708469622,1.119413346874242,0.2104796091027647,0.1210328684733205,0.3333323333333333,0.6547619047619048,0.1550802139037433,0.1091845435172687,0.4230725014789623,"[[29,55],[29,158]]",5,Simple
PFA-style logistic baseline,stress_short_history,271,0.7047970479704797,0.5402024446142093,0.5017466446037875,0.6226379252209511,0.708171206225681,0.9732620320855616,0.1071428571428571,0.679367201426025,0.8179893055127216,0.1680011771507542,0.1043542923242171,0.5784022795721603,0.1963155930321576,0.0706892049982247,0.6163049694830138,0.8928571428571429,0.0267379679144385,1.8750441258593744,-0.376210365415285,"[[9,75],[5,182]]",5,Psychometric
Fixed-parameter BKT proxy,stress_short_history,271,0.5867158671586716,0.6087344028520498,0.5738993710691824,0.6019865859035949,0.7862595419847328,0.5508021390374331,0.6666666666666666,0.6596956964604024,0.8132084814415972,0.2012601305435641,0.1837349397590362,0.8215698459968037,0.2798739967632239,0.2701557662709172,0.8511809706687927,0.3333333333333333,0.4491978609625668,0.2441314368343185,0.6673184067838767,"[[56,28],[84,103]]",5,Psychometric
DKT-inspired GRU proxy,stress_short_history,271,0.6900369003690037,0.5491787624140565,0.5334481062469257,0.6361783342378431,0.7136929460580913,0.9197860962566844,0.1785714285714285,0.6035141329258977,0.7507926323375893,0.1449769266038611,0.1195172893942909,0.6141228804475743,0.2111356524192636,0.0887434547457747,0.6936314254999161,0.8214285714285714,0.0802139037433155,0.5787754884909648,0.3950149163200995,"[[15,69],[15,172]]",5,Knowledge Tracing
Compact Transformer KT proxy,stress_short_history,271,0.6678966789667896,0.520021645021645,0.493563122923588,0.6064961812408822,0.6995884773662552,0.9090909090909092,0.1309523809523809,0.5838426279602751,0.7563219554343219,0.0608426395206303,0.049048658764816,0.6169427251111765,0.2135114430151783,0.0469293538274799,0.3124894201755523,0.8690476190476191,0.0909090909090909,0.5435878018738843,0.4076708723281129,"[[11,73],[17,170]]",5,Knowledge Tracing
Student-question embedding MLP,stress_short_history,271,0.6900369003690037,0.5131143366437484,0.4501449275362319,0.5881833253115141,0.6958174904942965,0.9786096256684492,0.0476190476190476,0.5716832187420422,0.7496673970367598,0.0716661215788354,0.0349330167881973,0.6333968971921726,0.220804748238573,0.1003977197782579,0.5485129356384277,0.9523809523809524,0.0213903743315508,1.164104257188498,0.386615741478245,"[[4,80],[4,183]]",5,Collaborative Deep
Time-aware SAKT proxy,stress_short_history,271,0.6457564575645757,0.5007002801120448,0.4735308402136959,0.5879775407758935,0.6903765690376569,0.8823529411764706,0.119047619047619,0.5716195569136746,0.7365378519589552,0.0020071891231246,0.0016884113584038,0.6383993769064162,0.2210739064096711,0.0849991691508416,0.6669406592845917,0.8809523809523809,0.1176470588235294,0.3239022262336455,0.4928799732237757,"[[10,74],[22,165]]",5,Knowledge Tracing
SAKT-inspired attention proxy,stress_short_history,271,0.6494464944649446,0.5066526610644257,0.4822523881347411,0.5940770176932539,0.6932773109243697,0.8823529411764706,0.1309523809523809,0.570218996689585,0.7361465408470216,0.0188165670063647,0.0159767610748002,0.638509334671584,0.2209600484544475,0.0848865478241135,0.3686081729829311,0.8690476190476191,0.1176470588235294,0.3237230500645224,0.4934870986046351,"[[11,73],[22,165]]",5,Knowledge Tracing
Subject-time SAKT proxy,stress_short_history,271,0.6642066420664207,0.5402979373567609,0.5320937292476995,0.6265911599444236,0.7105263157894737,0.8663101604278075,0.2142857142857142,0.5693913929208048,0.7214708309253273,0.1020167791793125,0.0931121979921304,0.6335900400341737,0.2190542717206071,0.0866706001802564,0.3538076678911844,0.7857142857142857,0.1336898395721925,0.35679174583437,0.5286010929087298,"[[18,66],[25,162]]",5,Knowledge Tracing
Static key-value attention proxy,stress_short_history,271,0.6383763837638377,0.5576457855869621,0.5589544307160887,0.6300888756197246,0.7236180904522613,0.7700534759358288,0.3452380952380952,0.5632798573975045,0.7203846383681367,0.1207161059599483,0.1200132538104704,0.6991297638226105,0.2377553950133165,0.1524067913144277,0.8926947712898254,0.6547619047619048,0.2299465240641711,0.1624737148127767,0.6735652861404641,"[[29,55],[43,144]]",5,Knowledge Tracing
Subject Historical Mean,stress_short_history,271,0.6974169741697417,0.515183346065699,0.4437825390468563,0.5865385325859667,0.6966292134831461,0.9946524064171124,0.0357142857142857,0.5607333842627961,0.7255387856036453,0.1164587988205748,0.0411632723507077,0.6135624940239683,0.2113799487633205,0.0469229549059568,0.4545792639255523,0.9642857142857144,0.0053475935828877,1.0302276868966451,0.1064082483931979,"[[3,81],[1,186]]",5,Simple
AFM-style logistic baseline,stress_short_history,271,0.7011070110701108,0.5178571428571429,0.4454717696097006,0.588571931948952,0.6977611940298507,1.0,0.0357142857142857,0.5585052202699261,0.7280129184209562,0.1578608331535192,0.0486282668053569,0.6136095814596024,0.2113869494076088,0.0534910919766202,0.445476774598942,0.9642857142857144,0.0,1.0240009991111585,0.1114720353475032,"[[3,81],[0,187]]",5,Psychometric
Majority Class,stress_short_history,271,0.6900369003690037,0.5,0.408296943231441,0.5634799142751253,0.6900369003690037,1.0,0.0,0.5,0.6900369003690037,0.0,0.0,2.1418396199146845,0.3093441734317343,0.3089630996309963,0.3089630996309963,1.0,0.0,0.1134928436398409,0.0164321519152734,"[[0,84],[0,187]]",5,Simple
Global Correctness Mean,stress_short_history,271,0.6900369003690037,0.5,0.408296943231441,0.5634799142751253,0.6900369003690037,1.0,0.0,0.5,0.6900369003690037,0.0,0.0,0.6223671733971061,0.2153548310793858,0.0383256386932355,0.0383256386932355,1.0,0.0,0.3600922369011727,0.5747041561733728,"[[0,84],[0,187]]",5,Simple
Exposure-SVD collaborative proxy,stress_short_history,271,0.6900369003690037,0.5,0.408296943231441,0.5634799142751253,0.6900369003690037,1.0,0.0,0.5,0.6900369003690037,0.0,0.0,0.6202581209164948,0.2143797313298344,0.022220594764612,0.022220594764612,1.0,0.0,0.3982870426180595,0.43942928200785,"[[0,84],[0,187]]",5,Psychometric
Neural MF proxy,stress_short_history,271,0.6900369003690037,0.5,0.408296943231441,0.5634799142751253,0.6900369003690037,1.0,0.0,0.5,0.6900369003690037,0.0,0.0,0.6931471805599453,0.25,0.1900369003690036,0.1900369003690036,1.0,0.0,0.0,0.8002957453203937,"[[0,84],[0,187]]",5,Collaborative Deep
MLPClassifier,stress_short_history,271,0.7564575645756457,0.6923694283244846,0.7029693104822639,0.7462250290099552,0.7843137254901961,0.8791208791208791,0.5056179775280899,0.7819483886899616,0.8775654077713178,0.4188362497617121,0.410675453047776,0.5211869108203072,0.174014319575961,0.0791706143480051,0.8044353495684796,0.4943820224719101,0.1208791208791208,1.209652435468208,-0.044770943455678,"[[45,44],[22,160]]",10,Classical ML
AdaptiveMath-AI,stress_short_history,271,0.7380073800738007,0.6757624398073836,0.6840402647092632,0.7288522444316025,0.7761194029850746,0.8571428571428571,0.4943820224719101,0.7765773552290406,0.8745731342751548,0.3771722363113433,0.3718044990042117,0.5237705629412533,0.1753328491708635,0.0413628096780665,0.0916460227112319,0.5056179775280899,0.1428571428571428,1.1936990684321316,0.0520979571283563,"[[44, 45], [26, 156]]",10,Proposed
HistGradientBoosting,stress_short_history,271,0.7601476014760148,0.7037288554142487,0.7128348086923917,0.7528356244094548,0.7939698492462312,0.8681318681318682,0.5393258426966292,0.7758982590443264,0.8715096149846567,0.4332319243752519,0.4283628103196495,0.5231780907531229,0.1747130600218177,0.0786368236548778,0.2719349636800064,0.4606741573033708,0.1318681318681318,1.1308919630979315,0.0182720525429919,"[[48,41],[24,158]]",10,Classical ML
Random Forest,stress_short_history,271,0.7158671586715867,0.7080812445980985,0.6942877653573992,0.7221611483882246,0.8260869565217391,0.7307692307692307,0.6853932584269663,0.7750956908260279,0.8719437680518434,0.3980011704234968,0.3925005094762583,0.5593052051889806,0.1893271445023901,0.1243102527020202,0.2720345638852074,0.3146067415730337,0.2692307692307692,1.269352528174321,0.5437283210867517,"[[61,28],[49,133]]",10,Classical ML
Logistic Regression,stress_short_history,271,0.7453874538745388,0.6611618718360291,0.6722750933277248,0.7253957927875193,0.7603686635944701,0.9065934065934066,0.4157303370786517,0.7729966662550932,0.8739388243745734,0.3789625107397202,0.3583267561168114,0.5324452160078358,0.1785197538073556,0.0687690778663082,0.8650580802616472,0.5842696629213483,0.0934065934065934,1.1121190818190163,-0.0644284497977462,"[[37,52],[17,165]]",10,Classical ML
Gated MLP proxy,stress_short_history,271,0.7195571955719557,0.6304482034819113,0.6373943661971831,0.6966280338859727,0.7431192660550459,0.8901098901098901,0.3707865168539326,0.7724410421039634,0.8781916751318861,0.3089104597345057,0.2909666758468741,0.5300554751687866,0.1793363856253314,0.0520765848485306,0.7403424978256226,0.6292134831460674,0.1098901098901098,1.1925188455252826,-0.2426529693887553,"[[33,56],[20,162]]",10,Deep Tabular
Residual MLP,stress_short_history,271,0.7269372693726938,0.638813433757254,0.6469366197183098,0.704611506678447,0.7477064220183486,0.8956043956043956,0.3820224719101123,0.7718236819360416,0.877300943890532,0.3287199094713848,0.3096254475351142,0.5343301917773057,0.1800987264715585,0.0708808692179042,0.752692386507988,0.6179775280898876,0.1043956043956044,1.2965692569088387,-0.2021099016510034,"[[34,55],[19,163]]",10,Deep Tabular
Extra Trees,stress_short_history,271,0.7084870848708487,0.702586739103593,0.6876468099385769,0.7153346037771666,0.8238993710691824,0.7197802197802198,0.6853932584269663,0.7708359056673664,0.8730575015286541,0.386424037128772,0.3800781815549442,0.5611549990307132,0.1910532011088216,0.1105586768477784,0.2109418832924884,0.3146067415730337,0.2802197802197802,1.174983746608362,0.5656086767997428,"[[61,28],[51,131]]",10,Classical ML
Subject-graph embedding proxy,stress_short_history,271,0.7269372693726938,0.6302012594147426,0.6368081715444799,0.698897105603916,0.7410714285714286,0.912087912087912,0.348314606741573,0.7670700086430424,0.869283857503629,0.3230003106005616,0.2961038961038962,0.535939692785122,0.1805795009230505,0.0608267695591458,0.760302908718586,0.651685393258427,0.0879120879120879,1.1444828702490524,-0.2080226482741103,"[[31,58],[16,166]]",10,Knowledge Tracing
Compact numeric-token Transformer proxy,stress_short_history,271,0.7380073800738007,0.6556673663415237,0.6657517588812647,0.719083288809089,0.7581395348837209,0.8956043956043956,0.4157303370786517,0.7618224472157057,0.868138124060065,0.3611145832961519,0.3439151635012104,0.5360986287792281,0.1804521411445173,0.0533488034322253,0.2419887632131576,0.5842696629213483,0.1043956043956044,1.108105531129956,-0.0753596063544692,"[[37,52],[19,163]]",10,Deep Tabular
Compact entity-token Transformer proxy,stress_short_history,271,0.7269372693726938,0.6675206815656254,0.6742365172189733,0.7192013791482943,0.7727272727272727,0.8406593406593407,0.4943820224719101,0.7615755031485368,0.8653969310142873,0.3546786927256334,0.3511712178076872,0.5395943287503269,0.1810169509733426,0.0801886791892597,0.5445842146873474,0.5056179775280899,0.1593406593406593,0.835805149919347,0.0362781259756325,"[[44,45],[29,153]]",10,Deep Tabular
Deeper entity-token Transformer proxy,stress_short_history,271,0.7343173431734318,0.6586615631559452,0.6681632653061225,0.7190089615181866,0.7619047619047619,0.8791208791208791,0.4382022471910112,0.7597851586615632,0.8654782259953689,0.3568271217111863,0.3450590762620837,0.5376130626814086,0.1811031713404209,0.0427164727911298,0.4081192811330159,0.5617977528089888,0.1208791208791208,0.9708806267957324,-0.0096771702774184,"[[39,50],[22,160]]",10,Deep Tabular
Decision Tree,stress_short_history,271,0.6568265682656826,0.6756080997654031,0.6457117955494328,0.6672466676871669,0.8248175182481752,0.6208791208791209,0.7303370786516854,0.7557414495616742,0.8644649740012098,0.3299077772216569,0.31103578360351,0.5962926345262685,0.2053122355632697,0.1487337959804432,0.8958427394628219,0.2696629213483146,0.3791208791208791,1.0039754619378014,0.7701698940584712,"[[65,24],[69,113]]",10,Classical ML
Naive Bayes,stress_short_history,271,0.7380073800738007,0.6872453389307323,0.6927584830339322,0.7332214390407378,0.7875647668393783,0.8351648351648352,0.5393258426966292,0.7548771453265836,0.8407136886257222,0.3884595053450509,0.3867019411595959,1.749505998138132,0.2324200192865591,0.2297424571621932,0.6343650943886596,0.4606741573033708,0.1648351648351648,0.1167154559142947,0.2485314747254041,"[[48,41],[30,152]]",10,Classical ML
Rasch-style logit baseline,stress_short_history,271,0.6789667896678967,0.5399432028645512,0.5071800338621684,0.607031085674248,0.6907630522088354,0.945054945054945,0.1348314606741573,0.7463884430176566,0.8663867090181396,0.1373702109166711,0.0989107586470474,0.5660884865578224,0.1946168459453675,0.0888320010746537,0.2354750335216522,0.8651685393258427,0.0549450549450549,1.057527569847102,-0.4645125619858369,"[[12,77],[10,172]]",10,Psychometric
Student-Question Backoff Mean,stress_short_history,271,0.6863468634686347,0.5483084331398937,0.5185092284860267,0.6160648538196676,0.6947791164658634,0.9505494505494504,0.146067415730337,0.7428694900605013,0.859243415591602,0.1661393972833,0.1196254538505636,0.5706103491636346,0.1937293647093331,0.0792394804631945,0.6441137711207072,0.8539325842696629,0.0494505494505494,2.0126186718371177,-0.5500918584013474,"[[13,76],[9,173]]",10,Simple
2PL-inspired smoothed baseline,stress_short_history,271,0.6789667896678967,0.5399432028645512,0.5071800338621684,0.607031085674248,0.6907630522088354,0.945054945054945,0.1348314606741573,0.7370045684652426,0.8525325871193021,0.1373702109166711,0.0989107586470474,0.5871702600082606,0.2000949332356333,0.1121229454998392,0.3132813583987862,0.8651685393258427,0.0549450549450549,0.8032629567786623,-0.3475755814170383,"[[12,77],[10,172]]",10,Psychometric
DeepFM-style proxy,stress_short_history,271,0.7011070110701108,0.6080997654031361,0.6117684512123945,0.6756798824952223,0.730593607305936,0.8791208791208791,0.3370786516853932,0.7253364612915174,0.8454899028977994,0.2578467817239789,0.2418925919530306,0.5756235508511671,0.1956212253212453,0.0918386249744584,0.7420409023761749,0.6629213483146067,0.1208791208791208,0.7161685324951834,-0.0291037899049124,"[[30,59],[22,160]]",10,Collaborative Deep
Elo Rating,stress_short_history,271,0.6863468634686347,0.6028522039757995,0.6066226070324641,0.6673960156272499,0.7298578199052133,0.8461538461538461,0.3595505617977528,0.718298555377207,0.8431578467020534,0.2326791360544253,0.224384659416142,0.6196413369680034,0.2144038161252839,0.1226950822831079,0.7118233144283295,0.6404494382022472,0.1538461538461538,2.616152890223702,0.2408948375134683,"[[32,57],[28,154]]",10,Psychometric
Student Historical Mean,stress_short_history,271,0.6605166051660517,0.5549141869366588,0.5484642132715155,0.625655861021085,0.7008928571428571,0.8626373626373627,0.247191011235955,0.6979565378441784,0.8255033537865967,0.1362298607298243,0.1248859248859249,0.585822012578246,0.2060885593516445,0.1051661842663806,0.299999988079071,0.7528089887640449,0.1373626373626373,0.4330183612716105,0.1975305093629865,"[[22,67],[25,157]]",10,Simple
Fixed-parameter BKT proxy,stress_short_history,271,0.6236162361623616,0.6594949993826398,0.6179511278195489,0.6339164331492939,0.8278688524590164,0.554945054945055,0.7640449438202247,0.6949314730213607,0.8115257267485932,0.3011166115543932,0.2721192331999158,0.7722267061820145,0.2543098140106701,0.2287697708820663,0.4859438687562942,0.2359550561797752,0.445054945054945,0.2880239709938243,0.6496474128106868,"[[68,21],[81,101]]",10,Psychometric
PFA-style logistic baseline,stress_short_history,271,0.6752767527675276,0.5257130509939498,0.4764664559185107,0.5871811721278435,0.68359375,0.9615384615384616,0.0898876404494382,0.6857945425361156,0.8018357303796119,0.1056206149927069,0.0652974837344202,0.5976944987394828,0.2056601102982488,0.088937694641012,0.8380256254337507,0.9101123595505618,0.0384615384615384,1.3251620005605098,-0.1125394543288086,"[[8,81],[7,175]]",10,Psychometric
Question Historical Mean,stress_short_history,271,0.6974169741697417,0.5594209161624892,0.5323653198653199,0.627705716451104,0.7,0.9615384615384616,0.1573033707865168,0.6689097419434499,0.7972654410757016,0.2087470682887756,0.1476679963178889,0.6018449699206768,0.2068116165034775,0.0667603460185202,0.3832811266183853,0.8426966292134831,0.0384615384615384,1.4220150433082055,-0.1062353294604637,"[[14,75],[7,175]]",10,Simple
Static key-value attention proxy,stress_short_history,271,0.6494464944649446,0.5552846030374121,0.5527664379397204,0.6241255272797669,0.7023255813953488,0.8296703296703297,0.2808988764044944,0.6568712186689715,0.7881383114367936,0.1282483082854269,0.1221400075016196,0.6111549829008583,0.2101529390466659,0.0723949341701405,0.3643982575999365,0.7191011235955056,0.1703296703296703,0.6188034335042949,0.3034499751942675,"[[25,64],[31,151]]",10,Knowledge Tracing
DKT-inspired GRU proxy,stress_short_history,271,0.6863468634686347,0.5999814791949624,0.6032894170326358,0.665582501859635,0.7276995305164319,0.8516483516483516,0.348314606741573,0.6400172860847019,0.769714375045329,0.2289688759925711,0.21949649307085,0.6071056663139343,0.2089696077920915,0.052868655247002,0.2343119084835052,0.651685393258427,0.1483516483516483,0.7844175944364535,0.2666205094880347,"[[31,58],[27,155]]",10,Knowledge Tracing
Compact Transformer KT proxy,stress_short_history,271,0.6531365313653137,0.5465489566613162,0.5386482179078528,0.6175179449563258,0.6964285714285714,0.8571428571428571,0.2359550561797752,0.5990245709346833,0.7368896636195407,0.1154775885219646,0.1058617058617059,0.629905164820096,0.2186832678705835,0.0690698622557509,0.2965380880567762,0.7640449438202247,0.1428571428571428,0.5375336085574755,0.3667046084927648,"[[21,68],[26,156]]",10,Knowledge Tracing
Time-aware SAKT proxy,stress_short_history,271,0.6309963099630996,0.5386776145203112,0.5352586088626698,0.6076456511581168,0.6933962264150944,0.8076923076923077,0.2696629213483146,0.5724163476972466,0.7444785878069712,0.0880291356123262,0.0846450043910018,0.6480962313354882,0.2280163374233026,0.0971005351121135,0.4373572692275047,0.7303370786516854,0.1923076923076923,0.36984917722078,0.4864943256922381,"[[24,65],[35,147]]",10,Knowledge Tracing
SAKT-inspired attention proxy,stress_short_history,271,0.6273062730627307,0.5416718113347326,0.540114589108994,0.6088334586657526,0.6956521739130435,0.7912087912087912,0.2921348314606741,0.5723546116804545,0.7438463835789294,0.0921569114706375,0.0897875029097802,0.6491449858579066,0.2284514027859344,0.095751528150481,0.4867189645767212,0.7078651685393258,0.2087912087912088,0.3641397028339472,0.4930197213365161,"[[26,63],[38,144]]",10,Knowledge Tracing
Subject-time SAKT proxy,stress_short_history,271,0.6494464944649446,0.5208359056673664,0.49461141320351,0.5906091635855995,0.6820083682008368,0.8956043956043956,0.146067415730337,0.5429065316705767,0.6910082327658387,0.0606455774840725,0.0498246909023804,0.6552470833432724,0.2281560582512537,0.1068538545022591,0.4719942261775335,0.8539325842696629,0.1043956043956044,0.2515351358021633,0.5039087058602932,"[[13,76],[19,163]]",10,Knowledge Tracing
AFM-style logistic baseline,stress_short_history,271,0.6605166051660517,0.4946289665390789,0.407959726443769,0.5406591033995446,0.6691729323308271,0.978021978021978,0.0112359550561797,0.5208359056673663,0.705963508083045,-0.0374880396405391,-0.0141555483241133,0.6359921446094217,0.2222627038334785,0.0391436263488635,0.5549552732456879,0.9887640449438202,0.0219780219780219,0.3737683911813903,0.4788883112583101,"[[1,88],[4,178]]",10,Psychometric
Subject Historical Mean,stress_short_history,271,0.6642066420664207,0.4973762192863316,0.4094163852767201,0.5425371374196535,0.6704119850187266,0.9835164835164836,0.0112359550561797,0.5167304605506854,0.7012336219945025,-0.020436315653611,-0.0069413253848353,0.6366640570153085,0.2225538428905623,0.0417457970745888,0.5454207360744476,0.9887640449438202,0.0164835164835164,0.3370680306474423,0.5020273620965172,"[[1,88],[3,179]]",10,Simple
Student-question embedding MLP,stress_short_history,271,0.6752767527675276,0.528583775774787,0.4839882291846979,0.5918053970222928,0.6850393700787402,0.956043956043956,0.1011235955056179,0.5061736016792197,0.6901016717465117,0.1107232870839037,0.0720622568093384,0.6508323553197174,0.2292029813842911,0.0924834110860015,0.2406347393989563,0.898876404494382,0.0439560439560439,0.3660395243700624,0.5886978687204469,"[[9,80],[8,174]]",10,Collaborative Deep
Majority Class,stress_short_history,271,0.6715867158671587,0.5,0.401766004415011,0.5396414229042953,0.6715867158671587,1.0,0.0,0.5,0.6715867158671587,0.0,0.0,2.26927051988975,0.3277574575645756,0.3274132841328413,0.3274132841328413,1.0,0.0,0.1014492001360456,0.0146884033811131,"[[0,89],[0,182]]",10,Simple
Global Correctness Mean,stress_short_history,271,0.6715867158671587,0.5,0.401766004415011,0.5396414229042953,0.6715867158671587,1.0,0.0,0.5,0.6715867158671587,0.0,0.0,0.6339275012580572,0.220953032617237,0.0198754541913905,0.0198754541913905,1.0,0.0,0.3218862887123582,0.5137277864216248,"[[0,89],[0,182]]",10,Simple
Exposure-SVD collaborative proxy,stress_short_history,271,0.6715867158671587,0.5,0.401766004415011,0.5396414229042953,0.6715867158671587,1.0,0.0,0.5,0.6715867158671587,0.0,0.0,0.6369808791566811,0.2222121112240638,0.040670779266457,0.040670779266457,1.0,0.0,0.3560308130855084,0.3928080698365481,"[[0,89],[0,182]]",10,Psychometric
Neural MF proxy,stress_short_history,271,0.6715867158671587,0.5,0.401766004415011,0.5396414229042953,0.6715867158671587,1.0,0.0,0.5,0.6715867158671587,0.0,0.0,0.6931471805599453,0.25,0.1715867158671586,0.1715867158671586,1.0,0.0,0.0,0.7153775706159183,"[[0,89],[0,182]]",10,Collaborative Deep
MLPClassifier,stress_short_history,271,0.7490774907749077,0.675291589932474,0.6865986394557824,0.7335868664809096,0.7677725118483413,0.8950276243093923,0.4555555555555555,0.7977286678944139,0.8931848761225419,0.3976809294641324,0.382646566164154,0.5020367974228118,0.1680385373325134,0.0816182339862704,0.2489864782837889,0.5444444444444444,0.1049723756906077,1.2898557863892186,-0.1474261727580129,"[[41,49],[19,162]]",20,Classical ML
Subject-graph embedding proxy,stress_short_history,271,0.7269372693726938,0.6251995089011664,0.6294530672579453,0.6932736600093273,0.7336244541484717,0.9281767955801103,0.3222222222222222,0.7864333947206876,0.8900126030707791,0.3258747993683334,0.2891677300439529,0.5200569701666048,0.1766480496173818,0.0758562294759433,0.301519062783983,0.6777777777777778,0.0718232044198895,1.2777576282575562,-0.3989301733358216,"[[29,61],[13,168]]",20,Knowledge Tracing
Random Forest,stress_short_history,271,0.7306273062730627,0.7201350521792511,0.7089237107334658,0.7356132674105378,0.8292682926829268,0.7513812154696132,0.6888888888888889,0.7856353591160221,0.8886759070206673,0.4241953718486184,0.4203123626454127,0.5447208321402146,0.1836821063641585,0.109598869351405,0.2067242165754744,0.3111111111111111,0.2486187845303867,1.358883862164806,0.5143675734464764,"[[62,28],[45,136]]",20,Classical ML
HistGradientBoosting,stress_short_history,271,0.7306273062730627,0.6558931860036832,0.6649277620636507,0.7147499164224549,0.7571428571428571,0.8784530386740331,0.4333333333333333,0.7852670349907919,0.8867088087481596,0.3515953363132202,0.3392672255435691,0.5129290547371229,0.172867581170383,0.046379862542346,0.1507814441851628,0.5666666666666667,0.1215469613259668,1.1483197414434478,-0.0638930755113118,"[[39,51],[22,159]]",20,Classical ML
Logistic Regression,stress_short_history,271,0.7084870848708487,0.6197667280540209,0.6247787300418879,0.6842901385531023,0.7339449541284404,0.8839779005524862,0.3555555555555555,0.7785758133824433,0.8826369643322348,0.2844202679954379,0.2671413411837194,0.5211833272985549,0.1767391807870512,0.053006265570219,0.1870673162699608,0.6444444444444445,0.1160220994475138,1.1380412836235212,-0.1935896859145316,"[[32,58],[21,160]]",20,Classical ML
AdaptiveMath-AI,stress_short_history,271,0.7269372693726938,0.6615101289134439,0.6694686181434599,0.7157486824077101,0.7635467980295566,0.856353591160221,0.4666666666666667,0.7767955801104972,0.8802018249243171,0.3509036020372398,0.3441690103996336,0.5201554164327529,0.1754603295951184,0.0537202838517068,0.1313689293750864,0.5333333333333333,0.143646408839779,1.1440937624619485,-0.0009151330148513,"[[42, 48], [26, 155]]",20,Proposed
Naive Bayes,stress_short_history,271,0.7195571955719557,0.6671577655003069,0.6722052457346575,0.7140404635520764,0.772020725388601,0.8232044198895028,0.5111111111111111,0.7749232658072436,0.868668899537952,0.3477692181756341,0.3459095528455284,1.7809644438980234,0.2501867724559241,0.2523248505877948,0.7185387180927184,0.4888888888888889,0.1767955801104972,0.1191047449345417,0.2411092291230518,"[[46,44],[32,149]]",20,Classical ML
Residual MLP,stress_short_history,271,0.7121771217712177,0.6197360343769184,0.624413646055437,0.6853791139190709,0.7330316742081447,0.8950276243093923,0.3444444444444444,0.7748311847759362,0.8827065749792367,0.2907597382002104,0.2695922598479613,0.5280474736731746,0.1787367506276353,0.0848477143533115,0.2505511678755283,0.6555555555555556,0.1049723756906077,1.2901747205728822,-0.251832051034394,"[[31,59],[19,162]]",20,Deep Tabular
Extra Trees,stress_short_history,271,0.7121771217712177,0.6951503990178023,0.6869001066477071,0.7167729427027651,0.8083832335329342,0.7458563535911602,0.6444444444444445,0.7746470227133211,0.882068918649769,0.3779941479461392,0.3756129260944054,0.5477605472648412,0.1859694005131404,0.106020399713299,0.1829708382549186,0.3555555555555555,0.2541436464088398,1.1830883805679722,0.5017038569049851,"[[58,32],[46,135]]",20,Classical ML
Gated MLP proxy,stress_short_history,271,0.7121771217712177,0.6225291589932473,0.6278521126760563,0.6873371966114028,0.7351598173515982,0.8895027624309392,0.3555555555555555,0.7721915285451196,0.8800406193270278,0.2930935500243334,0.2741569947119017,0.5274593704891792,0.179212305784057,0.0745063655050918,0.2645774121795382,0.6444444444444445,0.1104972375690607,1.1348535193763596,-0.2830306044828827,"[[32,58],[20,161]]",20,Deep Tabular
Compact numeric-token Transformer proxy,stress_short_history,271,0.7084870848708487,0.6225598526703499,0.6280899852340832,0.6861545571939693,0.7361111111111112,0.8784530386740331,0.3666666666666666,0.7702885205647637,0.8803575720438808,0.2870321524103019,0.2716788569484606,0.529723654778157,0.1800364285681698,0.0601801301500454,0.2021540126630238,0.6333333333333333,0.1215469613259668,1.1351003164295008,-0.2007234753851233,"[[33,57],[22,159]]",20,Deep Tabular
Compact entity-token Transformer proxy,stress_short_history,271,0.7232472324723247,0.6531614487415592,0.6611652913228308,0.7098675037763131,0.7572815533980582,0.861878453038674,0.4444444444444444,0.7693063228974831,0.8789314235917182,0.3378700646926884,0.329318594291371,0.5366543819058943,0.1828560793580425,0.090121460851708,0.267979641755422,0.5555555555555556,0.1381215469613259,0.8651821169288428,-0.0977235915273972,"[[40,50],[25,156]]",20,Deep Tabular
Deeper entity-token Transformer proxy,stress_short_history,271,0.7232472324723247,0.6391958256599141,0.6469208720576739,0.7020454656904773,0.7453703703703703,0.8895027624309392,0.3888888888888889,0.7650705954573358,0.8761812477853728,0.3259931908792184,0.3085558768498043,0.5315657696888426,0.1807744718893352,0.0759680568072188,0.2590702474117279,0.6111111111111112,0.1104972375690607,1.0134035617007455,-0.1685065226640696,"[[35,55],[20,161]]",20,Deep Tabular
Decision Tree,stress_short_history,271,0.6752767527675276,0.6870779619398404,0.6623626684788764,0.684535907540523,0.8251748251748252,0.6519337016574586,0.7222222222222222,0.7622160834868017,0.8738717259149056,0.3529719256414175,0.338254065153449,0.575229800408782,0.1986525118517544,0.1300703777918857,0.2978878073865677,0.2777777777777778,0.3480662983425414,1.0566205227050922,0.6758228438866016,"[[65,25],[63,118]]",20,Classical ML
DeepFM-style proxy,stress_short_history,271,0.7011070110701108,0.6086556169429097,0.6117684512123945,0.6743054431127958,0.7272727272727273,0.8839779005524862,0.3333333333333333,0.7593001841620627,0.8719834721275405,0.2618462094994231,0.2438772346801695,0.5516614025978119,0.1881161202310657,0.0846642900766921,0.2097847930022648,0.6666666666666666,0.1160220994475138,0.8111540145963242,-0.2089415199350875,"[[30,60],[21,160]]",20,Collaborative Deep
Elo Rating,stress_short_history,271,0.6937269372693727,0.6087170042971148,0.6126237836906915,0.6721430334944011,0.7289719626168224,0.861878453038674,0.3555555555555555,0.7579496623695519,0.8697029184328113,0.2512717706816574,0.2395104304020016,0.5857757499950824,0.1994090517833581,0.1057027281430374,0.3255786597728729,0.6444444444444445,0.1381215469613259,2.645037711213801,-0.0227514723579531,"[[32,58],[25,156]]",20,Psychometric
Rasch-style logit baseline,stress_short_history,271,0.6863468634686347,0.5501227747084101,0.5185092284860267,0.6139668833823849,0.692,0.9558011049723756,0.1444444444444444,0.756476365868631,0.873250170234547,0.1765818208826218,0.1241777879168091,0.5630794741305643,0.1943832572384913,0.115325407898294,0.2978312318975276,0.8555555555555555,0.0441988950276243,1.0898736061685883,-0.6138317291139019,"[[13,77],[8,173]]",20,Psychometric
Student-Question Backoff Mean,stress_short_history,271,0.6752767527675276,0.5418354818907305,0.5112313494015412,0.6063149908429728,0.6882591093117408,0.9392265193370166,0.1444444444444444,0.7508287292817679,0.8699963526970802,0.1387015186445832,0.1025814706103711,0.5608088153073592,0.1902960147212395,0.0979220912685253,0.2370609283447265,0.8555555555555555,0.0607734806629834,1.8787924699117011,-0.5078193363602632,"[[13,77],[11,170]]",20,Simple
2PL-inspired smoothed baseline,stress_short_history,271,0.6863468634686347,0.5501227747084101,0.5185092284860267,0.6139668833823849,0.692,0.9558011049723756,0.1444444444444444,0.7425414364640885,0.854546580131492,0.1765818208826218,0.1241777879168091,0.5946002066902674,0.2015426702348524,0.1234040373772526,0.7594887060811075,0.8555555555555555,0.0441988950276243,0.7757615635739367,-0.4261798810825156,"[[13,77],[8,173]]",20,Psychometric
Student Historical Mean,stress_short_history,271,0.6752767527675276,0.5865254757519951,0.5875190258751902,0.6514066510528119,0.7162790697674418,0.850828729281768,0.3222222222222222,0.7130755064456722,0.8330806344902626,0.2012895784093775,0.191209387505935,0.5725269406882777,0.1984778595367083,0.0699261491580625,0.3999999985098839,0.6777777777777778,0.149171270718232,0.7025696908797273,0.1452490727768678,"[[29,61],[27,154]]",20,Simple
DKT-inspired GRU proxy,stress_short_history,271,0.6678966789667896,0.6117249846531614,0.6143263757115749,0.6625926885454813,0.7382198952879581,0.7790055248618785,0.4444444444444444,0.6828115408225905,0.7916812591669289,0.2307167707173661,0.2298705399431638,0.596538688467208,0.204092591411535,0.1243187928661649,0.2625923901796341,0.5555555555555556,0.2209944751381215,0.7690322813447648,0.2872385551066632,"[[40,50],[40,141]]",20,Knowledge Tracing
Question Historical Mean,stress_short_history,271,0.6789667896678967,0.5390116635972989,0.5004555374282263,0.6007303766492758,0.6865079365079365,0.9558011049723756,0.1222222222222222,0.6571516267648865,0.7938367916425982,0.1439156215009902,0.0973237872812895,0.6014975663659096,0.207401943475663,0.0432407372112203,0.6022709012031555,0.8777777777777778,0.0441988950276243,1.3479133213128025,-0.1564804482076177,"[[11,79],[8,173]]",20,Simple
PFA-style logistic baseline,stress_short_history,271,0.6752767527675276,0.5362492326580724,0.4981481481481481,0.5982643159764931,0.6852589641434262,0.9502762430939228,0.1222222222222222,0.6412829957028852,0.7848369033583612,0.1305982919193982,0.0901182754673788,0.6083315121019707,0.211362115407993,0.0305446829374474,0.4445854329476219,0.8777777777777778,0.0497237569060773,0.9062144575708168,0.1240430703479973,"[[11,79],[9,172]]",20,Psychometric
Static key-value attention proxy,stress_short_history,271,0.6974169741697417,0.6086863106200122,0.6122627024008933,0.6732787554006194,0.728110599078341,0.8729281767955801,0.3444444444444444,0.634315531000614,0.7593012748654472,0.2562941171812192,0.2416734916734917,0.6203047204216755,0.2135789078198181,0.0880220830990379,0.7643794268369675,0.6555555555555556,0.1270718232044199,0.6212573168211497,0.3013777983062754,"[[31,59],[23,158]]",20,Knowledge Tracing
Fixed-parameter BKT proxy,stress_short_history,271,0.5904059040590406,0.5956108041743401,0.5759715820188607,0.6022420481319881,0.75,0.580110497237569,0.6111111111111112,0.6325046040515654,0.7818601646465247,0.1802178661526,0.171573352427639,0.8992859769339574,0.2866656155116956,0.2647132248847335,0.6455846726894379,0.3888888888888889,0.4198895027624309,0.1667790805179207,0.5577222223948984,"[[55,35],[76,105]]",20,Psychometric
Compact Transformer KT proxy,stress_short_history,271,0.6678966789667896,0.5586556169429098,0.5493348115299335,0.6269544513626955,0.6986899563318777,0.8839779005524862,0.2333333333333333,0.6224677716390422,0.7587730215275043,0.1526714247592265,0.1354742662696725,0.6163590745052014,0.2126345069503048,0.0552528157445337,0.2326583181108747,0.7666666666666667,0.1160220994475138,0.7043370125924412,0.170320333243806,"[[21,69],[21,160]]",20,Knowledge Tracing
Subject-time SAKT proxy,stress_short_history,271,0.6937269372693727,0.6003376304481277,0.6021824870447994,0.6662636022020006,0.7227272727272728,0.8784530386740331,0.3222222222222222,0.6063228974831184,0.7541339424072795,0.2418009205801169,0.225207536771038,0.6292450271569889,0.2193638396450097,0.0998562299457423,0.4422989081252705,0.6777777777777778,0.1215469613259668,0.6402615369806693,0.3674523464867608,"[[29,61],[22,159]]",20,Knowledge Tracing
Time-aware SAKT proxy,stress_short_history,271,0.6420664206642066,0.5504910988336402,0.547283217084302,0.6168418584211676,0.6962616822429907,0.8232044198895028,0.2777777777777778,0.6001227747084101,0.7596581572419052,0.1166973638541294,0.1112350813131826,0.6312187091221225,0.2208666177714745,0.0905551436422495,0.6831115682919819,0.7222222222222222,0.1767955801104972,0.647128499521827,0.3937512306383793,"[[25,65],[32,149]]",20,Knowledge Tracing
SAKT-inspired attention proxy,stress_short_history,271,0.6457564575645757,0.5532535297728668,0.5500207555002076,0.6197163466030675,0.6976744186046512,0.8287292817679558,0.2777777777777778,0.5994475138121548,0.7589342271849953,0.1238869877759028,0.1176829681882928,0.6313838276640994,0.2209051496688091,0.0749447858201621,0.4330833852291107,0.7222222222222222,0.1712707182320442,0.6414822499943547,0.3945021995110204,"[[25,65],[31,150]]",20,Knowledge Tracing
Student-question embedding MLP,stress_short_history,271,0.6531365313653137,0.494536525475752,0.4145523074094503,0.5400503674093553,0.6653992395437263,0.9668508287292816,0.0222222222222222,0.5599447513812155,0.7188020988551771,-0.0304044108472721,-0.0141731029540568,0.6413689699302431,0.2247372224591301,0.0703014151856467,0.1790698170661926,0.9777777777777776,0.0331491712707182,0.8696882972870271,0.3568483978140264,"[[2,88],[6,175]]",20,Collaborative Deep
AFM-style logistic baseline,stress_short_history,271,0.6752767527675276,0.5139042357274402,0.4337006079027355,0.5579007727767248,0.6741573033707865,0.994475138121547,0.0333333333333333,0.5313382443216698,0.6892612190240187,0.1086055535558173,0.0366001454310416,0.6369540901302811,0.2223042922715079,0.0438255509118794,0.4447568172061085,0.9666666666666668,0.005524861878453,0.4576826260733777,0.4103933369038703,"[[3,87],[1,180]]",20,Psychometric
Subject Historical Mean,stress_short_history,271,0.6752767527675276,0.5139042357274402,0.4337006079027355,0.5579007727767248,0.6741573033707865,0.994475138121547,0.0333333333333333,0.5303253529772867,0.6812042938698966,0.1086055535558173,0.0366001454310416,0.6364391430856482,0.2221340109690225,0.0549889035330487,0.4545792639255523,0.9666666666666668,0.005524861878453,0.4859997218523484,0.3916333366112104,"[[3,87],[1,180]]",20,Simple
Majority Class,stress_short_history,271,0.6678966789667896,0.5,0.4004424778761062,0.5349084021813669,0.6678966789667896,1.0,0.0,0.5,0.6678966789667896,0.0,0.0,2.2947566998847635,0.3314401143911439,0.3311033210332104,0.3311033210332104,1.0,0.0,0.0990832644409689,0.0143458494937785,"[[0,90],[0,181]]",20,Simple
Global Correctness Mean,stress_short_history,271,0.6678966789667896,0.5,0.4004424778761062,0.5349084021813669,0.6678966789667896,1.0,0.0,0.5,0.6678966789667896,0.0,0.0,0.6362395668302474,0.2220726729248073,0.0161854172910215,0.0161854172910215,1.0,0.0,0.3143803583971369,0.5017483852228515,"[[0,90],[0,181]]",20,Simple
Exposure-SVD collaborative proxy,stress_short_history,271,0.6678966789667896,0.5,0.4004424778761062,0.5349084021813669,0.6678966789667896,1.0,0.0,0.5,0.6678966789667896,0.0,0.0,0.6403254308047183,0.2237785872029097,0.044360816166826,0.044360816166826,1.0,0.0,0.3477286440138912,0.3836483035826977,"[[0,90],[0,181]]",20,Psychometric
Neural MF proxy,stress_short_history,271,0.6678966789667896,0.5,0.4004424778761062,0.5349084021813669,0.6678966789667896,1.0,0.0,0.5,0.6678966789667896,0.0,0.0,0.6931471805599453,0.25,0.1678966789667896,0.1678966789667896,1.0,0.0,0.0,0.6986951874253616,"[[0,90],[0,181]]",20,Collaborative Deep
Deeper entity-token Transformer proxy,stress_short_history,180,0.7666666666666667,0.6695873374788016,0.6841577540106951,0.7415552584670231,0.7666666666666667,0.9426229508196722,0.396551724137931,0.7932447710570943,0.8529335993015088,0.4253153653201214,0.3883495145631068,0.5036021162414731,0.1640631629917887,0.0723697683877415,0.2521443665027618,0.603448275862069,0.0573770491803278,1.1962927141023434,-0.2955217604118379,"[[23,35],[7,115]]",50,Deep Tabular
Compact entity-token Transformer proxy,stress_short_history,180,0.7666666666666667,0.6921989824759751,0.7055616139585605,0.7532533624136677,0.7857142857142857,0.9016393442622952,0.4827586206896552,0.7905596382136799,0.8603308567745453,0.4320967287271006,0.4184615384615385,0.5080977235139978,0.1661367142606365,0.0644670873880386,0.2522044479846954,0.5172413793103449,0.0983606557377049,0.9945503370250406,-0.1901339407953047,"[[28,30],[12,110]]",50,Deep Tabular
HistGradientBoosting,stress_short_history,180,0.7333333333333333,0.6766534765404184,0.6825396825396826,0.727689594356261,0.7846153846153846,0.8360655737704918,0.5172413793103449,0.7878745053702657,0.864997117409853,0.3686289321885568,0.3665689149560116,0.5109890469921378,0.1683002028078521,0.0714153705516258,0.1443158132962543,0.4827586206896552,0.1639344262295081,1.1102053645272816,0.0890204705825877,"[[30,28],[20,102]]",50,Classical ML
AdaptiveMath-AI,stress_short_history,180,0.75,0.6979932165065008,0.703936547388428,0.7454585328411126,0.7984496124031008,0.8442622950819673,0.5517241379310345,0.7839174674957603,0.8641018096777977,0.4106712268459004,0.4089316987740806,0.5134756507823327,0.1689582228429077,0.07759211005012,0.2895921302795712,0.4482758620689655,0.1557377049180328,1.1466733834788445,0.1359581365798913,"[[32, 26], [19, 103]]",50,Proposed
Gated MLP proxy,stress_short_history,180,0.75,0.6663369135104579,0.6782522343594837,0.7322740814299901,0.7692307692307693,0.9016393442622952,0.4310344827586206,0.782504239683437,0.8588588379794957,0.3847190269447266,0.3675827607745159,0.5121416849260119,0.1681648766601196,0.0609562682608763,0.2637359946966171,0.5689655172413793,0.0983606557377049,1.1525277949248522,-0.1824925216725383,"[[25,33],[12,110]]",50,Deep Tabular
Logistic Regression,stress_short_history,180,0.7444444444444445,0.6531938948558508,0.664179104477612,0.7225538971807628,0.7602739726027398,0.9098360655737704,0.396551724137931,0.7798191068400226,0.8538394875837424,0.3658048669219328,0.3436905516804058,0.5147610117016097,0.1686022221690912,0.0938677299758395,0.3027989821998332,0.603448275862069,0.0901639344262295,1.1231019261837631,-0.1362089411414372,"[[23,35],[11,111]]",50,Classical ML
MLPClassifier,stress_short_history,180,0.75,0.6934708875070661,0.7007868198441136,0.7439326216246168,0.7938931297709924,0.8524590163934426,0.5344827586206896,0.7798191068400226,0.8589845116803312,0.4062616647793746,0.4033588685916323,0.5187189305627152,0.1707599334956552,0.0962491075642577,0.2095701341937537,0.4655172413793103,0.1475409836065573,1.0357193616546698,0.0877165616264198,"[[31,27],[18,104]]",50,Classical ML
Compact numeric-token Transformer proxy,stress_short_history,180,0.7444444444444445,0.648671565856416,0.6592592592592592,0.7198353909465021,0.7567567567567568,0.918032786885246,0.3793103448275862,0.7786885245901639,0.858556072096742,0.3634510907104833,0.3369634849455477,0.5182420756121069,0.170865322562323,0.0899049348301357,0.3551643006503582,0.6206896551724138,0.081967213114754,1.191059146565982,-0.2287696166453015,"[[22,36],[10,112]]",50,Deep Tabular
Residual MLP,stress_short_history,180,0.7555555555555555,0.6659129451667609,0.6787800129785853,0.7346167712163817,0.7671232876712328,0.918032786885246,0.4137931034482758,0.7771339739966082,0.8570840784761233,0.3961761197106541,0.3722257450856056,0.5171159822370954,0.1695995759412645,0.1015433188941743,0.3807870873383113,0.5862068965517241,0.081967213114754,1.3494243382816713,-0.2075899281926388,"[[24,34],[10,112]]",50,Deep Tabular
Subject-graph embedding proxy,stress_short_history,180,0.7444444444444445,0.6396269078575467,0.6486165336954677,0.7138610686734943,0.75,0.9344262295081968,0.3448275862068966,0.7757207461842849,0.8577211144173811,0.3600743774504003,0.3230869849574884,0.5212062922346683,0.1723543711572293,0.129249584260914,0.3410030465859633,0.6551724137931034,0.0655737704918032,1.1833405103899015,-0.265561505170805,"[[20,38],[8,114]]",50,Knowledge Tracing
Elo Rating,stress_short_history,180,0.7555555555555555,0.6704352741661956,0.6832506798912175,0.737058959455376,0.7708333333333334,0.9098360655737704,0.4310344827586206,0.7711984171848502,0.8620185902008238,0.3982455162810845,0.3785310734463276,0.5538626436801738,0.1843168195175243,0.119782537387477,0.209893892871009,0.5689655172413793,0.0901639344262295,2.099349376628517,-0.0400507997199658,"[[25,33],[11,111]]",50,Psychometric
Extra Trees,stress_short_history,180,0.7055555555555556,0.7059072922555116,0.6859259259259259,0.7138436213991769,0.8349514563106796,0.7049180327868853,0.7068965517241379,0.7700678349349915,0.8522969242315034,0.3889839305230483,0.379229567933368,0.5565521677246038,0.1876852591296676,0.134768709970712,0.3141727302012209,0.293103448275862,0.2950819672131147,1.1839138918591212,0.5937610532550264,"[[41,17],[36,86]]",50,Classical ML
Rasch-style logit baseline,stress_short_history,180,0.7388888888888889,0.603872244205766,0.5962006586797766,0.6815468898328905,0.7272727272727273,0.9836065573770492,0.2241379310344827,0.7687959299039006,0.8467141191849689,0.3512657619828536,0.2578947368421052,0.546470699410735,0.1813026764144999,0.0919921566214826,0.6401175558567047,0.7758620689655172,0.0163934426229508,1.2573659187645605,-0.7798813987355391,"[[13,45],[2,120]]",50,Psychometric
Random Forest,stress_short_history,180,0.7111111111111111,0.7009609949123798,0.6869565217391305,0.7178743961352656,0.8240740740740741,0.7295081967213115,0.6724137931034483,0.7628603730921424,0.8512105121447022,0.3834048073231478,0.3779904306220095,0.5640994654634556,0.1905693344509089,0.1342968292316832,0.2491230748407196,0.3275862068965517,0.2704918032786885,1.183216031173418,0.5942363235615807,"[[39,19],[33,89]]",50,Classical ML
Decision Tree,stress_short_history,180,0.6888888888888889,0.6936122102882984,0.6709753231492361,0.698272185228707,0.83,0.680327868852459,0.7068965517241379,0.7618004522328999,0.8578360903257115,0.364176281555354,0.3521850899742931,0.5832314119287062,0.199662951858605,0.1602025957670111,0.3226644315150579,0.293103448275862,0.319672131147541,1.0200080094163126,0.7456824781160958,"[[41,17],[39,83]]",50,Classical ML
DeepFM-style proxy,stress_short_history,180,0.7444444444444445,0.6260599208592424,0.6303571428571428,0.7033730158730159,0.740506329113924,0.9590163934426228,0.293103448275862,0.7607405313736574,0.8362641877966408,0.3597170755758065,0.3011478730587441,0.5518202724337888,0.1794546185855602,0.0989898865421613,0.3729615112145741,0.7068965517241379,0.040983606557377,0.8288552916452967,-0.1865192104601896,"[[17,41],[5,117]]",50,Collaborative Deep
2PL-inspired smoothed baseline,stress_short_history,180,0.7388888888888889,0.603872244205766,0.5962006586797766,0.6815468898328905,0.7272727272727273,0.9836065573770492,0.2241379310344827,0.7577727529677785,0.8589129081445024,0.3512657619828536,0.2578947368421052,0.5600143021622908,0.1860853116453841,0.1255671992924987,0.7182525855669073,0.7758620689655172,0.0163934426229508,1.0244756387560234,-0.7000381143922314,"[[13,45],[2,120]]",50,Psychometric
Student-Question Backoff Mean,stress_short_history,180,0.7388888888888889,0.6174392312040701,0.618901752331186,0.6949332051994334,0.7358490566037735,0.9590163934426228,0.2758620689655172,0.7471735443753534,0.8357782856928828,0.3419234586118145,0.2820773930753564,0.5503452858679446,0.1836520050196917,0.0817230919050792,0.3445331239081048,0.7241379310344828,0.040983606557377,1.6665267064777571,-0.2961247101969049,"[[16,42],[5,117]]",50,Simple
Naive Bayes,stress_short_history,180,0.7277777777777777,0.6680327868852459,0.674190092719146,0.7211710768801382,0.7786259541984732,0.8360655737704918,0.5,0.7357263990955343,0.8267700960843252,0.3528452296732479,0.3503241013553329,1.9743417138989332,0.2440745199134403,0.2472235885369552,0.8571928359903945,0.5,0.1639344262295081,0.1006487286191889,0.3217086660084586,"[[29,29],[20,102]]",50,Classical ML
Student Historical Mean,stress_short_history,180,0.7277777777777777,0.6408988128886377,0.6496524329692155,0.7084762220015447,0.7552447552447552,0.8852459016393442,0.396551724137931,0.7288722442057659,0.8259767285066607,0.3258834918129927,0.3113678950655839,0.5567827188396207,0.1860755560935926,0.0466666624687724,0.3133333325386047,0.603448275862069,0.1147540983606557,0.9687017163501106,0.0758863205740398,"[[23,35],[14,108]]",50,Simple
Question Historical Mean,stress_short_history,180,0.7,0.5480497456189938,0.5104754230459307,0.6187751813053989,0.7,0.9754098360655736,0.1206896551724138,0.6490248728094969,0.782979692976177,0.1960606959469312,0.1227436823104692,0.5986418912589463,0.2049132732821298,0.0570646405220031,0.4282169863581657,0.8793103448275862,0.0245901639344262,1.5569602644179577,-0.1757224140093798,"[[7,51],[3,119]]",50,Simple
Fixed-parameter BKT proxy,stress_short_history,180,0.5777777777777777,0.5618993781797625,0.5509453781512605,0.5899743230625584,0.7254901960784313,0.6065573770491803,0.5172413793103449,0.6195590729225552,0.759755839900969,0.1167515908163043,0.1135303265940902,1.034932452003352,0.2878104374672257,0.2618577968255811,0.7855021953582764,0.4827586206896552,0.3934426229508196,0.0973859105116462,0.6064663683390081,"[[30,28],[48,74]]",50,Psychometric
PFA-style logistic baseline,stress_short_history,180,0.6722222222222223,0.5275579423403053,0.4931029545129111,0.6002397127689476,0.6909090909090909,0.9344262295081968,0.1206896551724138,0.6150367439231205,0.7641739375220531,0.093192957260757,0.0684210526315788,0.6108420881451224,0.2105731521313193,0.0745866751210965,0.3735227740289731,0.8793103448275862,0.0655737704918032,0.7152816044985779,0.2734731785777607,"[[7,51],[8,114]]",50,Psychometric
Compact Transformer KT proxy,stress_short_history,180,0.6722222222222223,0.5682589033352177,0.5661587483148821,0.642429111574093,0.7142857142857143,0.860655737704918,0.2758620689655172,0.6044375353306952,0.7349808824890597,0.1648798474613394,0.1539196940726577,0.624572896150868,0.2154121427131552,0.1142760872840881,0.3202188909053802,0.7241379310344828,0.1393442622950819,0.5590557919931681,0.4003874067244858,"[[16,42],[17,105]]",50,Knowledge Tracing
Subject-time SAKT proxy,stress_short_history,180,0.6444444444444445,0.5161107970604861,0.4946481838919108,0.592474313232341,0.6858974358974359,0.8770491803278688,0.1551724137931034,0.5833804409270775,0.7461396616832419,0.0442968674117607,0.0380761523046091,0.6283303150429858,0.2191092094793807,0.062902569770813,0.2306596636772155,0.8448275862068966,0.1229508196721311,0.6049434521159356,0.4238903484200009,"[[9,49],[15,107]]",50,Knowledge Tracing
Static key-value attention proxy,stress_short_history,180,0.6555555555555556,0.5378745053702657,0.5263961975895434,0.6143344838642751,0.6973684210526315,0.8688524590163934,0.2068965517241379,0.5709440361786321,0.7369438886254107,0.0976719971221733,0.0876389797253105,0.6380632654521912,0.2225916632328167,0.0902329100502862,0.2614158354699611,0.7931034482758621,0.1311475409836065,0.4089724454803937,0.4872874889642992,"[[12,46],[16,106]]",50,Knowledge Tracing
DKT-inspired GRU proxy,stress_short_history,180,0.6055555555555555,0.5190785754663652,0.5172075101053983,0.5906396517782563,0.6888888888888889,0.7622950819672131,0.2758620689655172,0.5645845110231769,0.7346232373623363,0.0411809831692738,0.0405405405405405,0.665767586735518,0.2345024194964431,0.1328398786485195,0.6857992013295491,0.7241379310344828,0.2377049180327868,0.2652389456444932,0.5754995312171168,"[[16,42],[29,93]]",50,Knowledge Tracing
Student-question embedding MLP,stress_short_history,180,0.6555555555555556,0.4971735443753533,0.4379532634971797,0.5622974303876803,0.6764705882352942,0.9426229508196722,0.0517241379310344,0.5363906161673262,0.7397782587179319,-0.0115329821145253,-0.007220216606498,0.6433729205054172,0.2257928108179266,0.0871685716840955,0.2640793323516845,0.9482758620689656,0.0573770491803278,0.6141814539535672,0.5191585329525452,"[[3,55],[7,115]]",50,Collaborative Deep
SAKT-inspired attention proxy,stress_short_history,180,0.6333333333333333,0.5214810627473149,0.5111111111111111,0.5980246913580247,0.6891891891891891,0.8360655737704918,0.2068965517241379,0.5151215375918597,0.6823132346056462,0.0525138458060774,0.0486867392696989,0.6732424681333395,0.2373931306634201,0.1728640562958187,0.4327655613422394,0.7931034482758621,0.1639344262295081,0.0032529046979803,0.741649622006906,"[[12,46],[20,102]]",50,Knowledge Tracing
Time-aware SAKT proxy,stress_short_history,180,0.6388888888888888,0.5255794234030526,0.5149052614121647,0.6021025378793113,0.6912751677852349,0.8442622950819673,0.2068965517241379,0.5151215375918596,0.6813046374163936,0.0633199666265668,0.0582743077913715,0.6733980028654819,0.2373498957100784,0.1691683057281706,0.4865408062934875,0.7931034482758621,0.1557377049180328,-0.0034131684090589,0.7451486917679984,"[[12,46],[19,103]]",50,Knowledge Tracing
Majority Class,stress_short_history,180,0.6777777777777778,0.5,0.4039735099337748,0.5476085356880058,0.6777777777777778,1.0,0.0,0.5,0.6777777777777778,0.0,0.0,2.2265103734536726,0.3215787777777778,0.3212222222222222,0.3212222222222222,1.0,0.0,0.105449584016184,0.0152676021612795,"[[0,58],[0,122]]",50,Simple
Global Correctness Mean,stress_short_history,180,0.6777777777777778,0.5,0.4039735099337748,0.5476085356880058,0.6777777777777778,1.0,0.0,0.5,0.6777777777777778,0.0,0.0,0.6300483690202714,0.2190745249900914,0.0260665161020098,0.0260665161020098,1.0,0.0,0.3345771435261223,0.5339822936058761,"[[0,58],[0,122]]",50,Simple
Exposure-SVD collaborative proxy,stress_short_history,180,0.6777777777777778,0.5,0.4039735099337748,0.5476085356880058,0.6777777777777778,1.0,0.0,0.5,0.6777777777777778,0.0,0.0,0.6313694647249741,0.2195839126373335,0.0344797173558381,0.0344797173558381,1.0,0.0,0.3700675714513455,0.4082948030415543,"[[0,58],[0,122]]",50,Psychometric
Neural MF proxy,stress_short_history,180,0.6777777777777778,0.5,0.4039735099337748,0.5476085356880058,0.6777777777777778,1.0,0.0,0.5,0.6777777777777778,0.0,0.0,0.6931471805599454,0.25,0.1777777777777778,0.1777777777777778,1.0,0.0,0.0,0.7435842283456447,"[[0,58],[0,122]]",50,Collaborative Deep
Subject Historical Mean,stress_short_history,180,0.6777777777777778,0.5045223289994347,0.42,0.5574814814814815,0.6797752808988764,0.9918032786885246,0.0172413793103448,0.4980921424533635,0.6904713864219718,0.0403237638667451,0.0121120363361089,0.6370282257906043,0.2223798824604514,0.0689502235915925,0.4850553497672081,0.9827586206896552,0.0081967213114754,0.0149641117246902,0.7339433657185997,"[[1,57],[1,121]]",50,Simple
AFM-style logistic baseline,stress_short_history,180,0.6722222222222223,0.500423968343697,0.4177312352650913,0.5546003374941365,0.6779661016949152,0.9836065573770492,0.0172413793103448,0.4849491237987564,0.680841198397794,0.0030953522428436,0.0011286681715575,0.6399256407300296,0.223673980945531,0.0727780590401634,0.4975639430341041,0.9827586206896552,0.0163934426229508,-0.1614728513976445,0.8475681323165206,"[[1,57],[2,120]]",50,Psychometric
