Dimension,Subgroup,N,Students,Correct_Rate,Error_Rate,Error_Rate_Cluster_CI_Lower,Error_Rate_Cluster_CI_Upper,ROC_AUC,ROC_AUC_Cluster_CI_Lower,ROC_AUC_Cluster_CI_Upper,Log_Loss,Brier_Score,Cluster_Unit,Bootstrap_Replicates,Publication_Eligible,Eligibility_Rule
Subject,2D Pythagoras,592,202,0.6334459459459459,0.2922297297297297,0.24821098720667714,0.3381565553745928,0.7614132104454685,0.7120060204113106,0.8052273686999057,0.5524241524213065,0.18723907984555196,user_id,1000,True,N >= 200 interactions and >= 30 students
Subject,3D Pythagoras,56,34,0.5357142857142857,0.32142857142857145,0.19559957924263677,0.46153846153846156,0.7384615384615385,0.5551283360566449,0.869556011298823,0.6125166383379967,0.21109803324824444,user_id,1000,False,N >= 200 interactions and >= 30 students
Subject,3D Shapes-Others,103,18,0.6504854368932039,0.23300970873786409,0.10998109243697479,0.3526633693045562,0.8362354892205638,0.7078111851332398,0.9166997354497354,0.47046954041416084,0.15775928664351754,user_id,1000,False,N >= 200 interactions and >= 30 students
Subject,Add and Subtract Vectors,105,69,0.6571428571428571,0.2857142857142857,0.18748282967032967,0.39215686274509803,0.7588566827697263,0.6254727728411938,0.8572890823252868,0.5405538618600623,0.18315712182346694,user_id,1000,False,N >= 200 interactions and >= 30 students
Subject,Adding and Subtracting Algebraic Fractions,103,68,0.49514563106796117,0.33980582524271846,0.24270311701584057,0.4400091743119266,0.808446455505279,0.7114541673332266,0.9021748373262348,0.5671745920488082,0.19553360784383475,user_id,1000,False,N >= 200 interactions and >= 30 students
Subject,Adding and Subtracting Fractions,1149,386,0.639686684073107,0.2750217580504787,0.24547659374702718,0.3030858871764009,0.7867166190147556,0.7572942800530302,0.8128324508643769,0.5302459468350146,0.17929484392260178,user_id,1000,True,N >= 200 interactions and >= 30 students
Subject,Adding and Subtracting Negative Numbers,374,132,0.7245989304812834,0.24064171122994651,0.19109077565596344,0.2992131018788892,0.7978003081001683,0.7339205442687178,0.8476217346507582,0.4722990783787043,0.15758273189509325,user_id,1000,True,N >= 200 interactions and >= 30 students
Subject,Adding and Subtracting with Decimals,255,139,0.6588235294117647,0.2784313725490196,0.2222222222222222,0.33716700473292766,0.7284482758620692,0.6489114885800947,0.7989597623097747,0.5699766825395357,0.1909391406613416,user_id,1000,True,N >= 200 interactions and >= 30 students
Subject,Angle Facts with Parallel Lines,583,228,0.5694682675814752,0.30874785591766724,0.26732538253825383,0.3480942541096942,0.7260596169538712,0.681584356780465,0.7656781009191199,0.6101312802980028,0.209791092908004,user_id,1000,True,N >= 200 interactions and >= 30 students
Subject,Angles in Polygons,699,201,0.630901287553648,0.28469241773962806,0.24218767430134444,0.3301241261706016,0.7639174532862241,0.7204824082697893,0.8011044907163678,0.5579327506414914,0.18825530593481116,user_id,1000,True,N >= 200 interactions and >= 30 students
Subject,Angles in Triangles,380,229,0.6263157894736842,0.2710526315789474,0.2255349181139993,0.3204269734542389,0.7830512486684815,0.7353954023343252,0.8336472370834254,0.5462900628424167,0.18408990050005503,user_id,1000,True,N >= 200 interactions and >= 30 students
Subject,Area Units,73,42,0.3561643835616438,0.2602739726027397,0.17391304347826086,0.36363636363636365,0.7495908346972178,0.5908848392461197,0.8541902777777778,0.586430514673591,0.19501615465267894,user_id,1000,False,N >= 200 interactions and >= 30 students
Subject,Area of Non Right-angled Triangles,56,37,0.44642857142857145,0.42857142857142855,0.2950578592092575,0.5490441176470588,0.6374193548387097,0.4866612339380197,0.7871915584415585,0.736828526727205,0.26111495737997736,user_id,1000,False,N >= 200 interactions and >= 30 students
Subject,Area of Simple Shapes,939,341,0.5250266240681576,0.32055378061767836,0.29052122241086586,0.3514115769228877,0.7371815279382203,0.7035647213629147,0.7702099199197502,0.6096813965254524,0.20889670497577958,user_id,1000,True,N >= 200 interactions and >= 30 students
Subject,Area of a Circle,337,154,0.5875370919881305,0.314540059347181,0.25949320958039634,0.36612637227391326,0.7171717171717171,0.6565455405006655,0.7754848728445641,0.6080185260907734,0.21047932757788512,user_id,1000,True,N >= 200 interactions and >= 30 students
Subject,"Averages (mean, median, mode) from a List of Data",989,343,0.60262891809909,0.29120323559150657,0.2617405139289145,0.3250698267659003,0.7639949109414759,0.7225441303882376,0.7942724568292002,0.5655647875985466,0.19224094510043446,user_id,1000,True,N >= 200 interactions and >= 30 students
Subject,Averages and Range from Frequency Table,201,104,0.5422885572139303,0.3034825870646766,0.23997484276729558,0.36553436685416374,0.7652572796170722,0.6929811592271515,0.8365343694840989,0.5744995470478443,0.19633474363693468,user_id,1000,True,N >= 200 interactions and >= 30 students
Subject,Averages and Range from Grouped Data,268,133,0.5485074626865671,0.332089552238806,0.27489229522587616,0.3933853392440008,0.701636026311351,0.6239237184470459,0.7712457013251269,0.6318389675786966,0.21891048006169347,user_id,1000,True,N >= 200 interactions and >= 30 students
Subject,BIDMAS,632,230,0.5886075949367089,0.28639240506329117,0.24635284723641496,0.3263901710979813,0.7810587262200165,0.7391685611476694,0.8198956135657877,0.5569255427675759,0.18724340958602992,user_id,1000,True,N >= 200 interactions and >= 30 students
Subject,"Basic Angle Facts (straight line, opposite, around a point, etc)",435,146,0.6459770114942529,0.27816091954022987,0.2249427222642555,0.3257589113905618,0.7600175625086658,0.6968913504720434,0.8150358983339171,0.5503318876753247,0.18522097773392118,user_id,1000,True,N >= 200 interactions and >= 30 students
Subject,Basic Money,317,76,0.7602523659305994,0.17981072555205047,0.12166372308592256,0.25702874192695546,0.8597947150032758,0.7794325494629961,0.9114657911954251,0.3894001021882527,0.12481484684385268,user_id,1000,True,N >= 200 interactions and >= 30 students
Subject,Basic Vectors-Others,68,31,0.5588235294117647,0.3382352941176471,0.2028985507246377,0.46976010101010096,0.7368421052631579,0.5829987934362933,0.8616623830596312,0.5795084596605868,0.20326499396878026,user_id,1000,False,N >= 200 interactions and >= 30 students
Subject,Bearings,246,104,0.508130081300813,0.27235772357723576,0.20399615384615383,0.3361423073902458,0.7877024793388429,0.7180515711343547,0.8471529857960884,0.5549381655150095,0.18734309768516802,user_id,1000,True,N >= 200 interactions and >= 30 students
Subject,Best Value,70,41,0.6428571428571429,0.34285714285714286,0.24416247642991828,0.45283755896226413,0.648888888888889,0.4788969798445694,0.7522694753577107,0.6383191785315585,0.22231284711308363,user_id,1000,False,N >= 200 interactions and >= 30 students
Subject,Block Graphs and Bar Charts,347,125,0.7982708933717579,0.1988472622478386,0.15261413201512067,0.24914704496615758,0.7547705002578649,0.6729496184216861,0.8262372975039717,0.4473338016297441,0.14183631042201608,user_id,1000,True,N >= 200 interactions and >= 30 students
Subject,Box Plots,210,80,0.6904761904761905,0.2714285714285714,0.207317145220371,0.3366432361468191,0.7779310344827587,0.7092570352194678,0.839667709409605,0.5055396705878706,0.16874592083939924,user_id,1000,True,N >= 200 interactions and >= 30 students
Subject,Circle Theorems,301,72,0.6677740863787376,0.25249169435215946,0.1927950008832362,0.31615988059287026,0.7751243781094528,0.7051910482052591,0.8392205681105361,0.5303927743343252,0.17701660560758153,user_id,1000,True,N >= 200 interactions and >= 30 students
Subject,Circumference,250,136,0.62,0.292,0.2301378446115288,0.35837499999999994,0.7526655348047538,0.6748916425772132,0.8159588296313336,0.565812357853735,0.19243731519600135,user_id,1000,True,N >= 200 interactions and >= 30 students
Subject,Co-ordinate Geometry with Straight Lines,60,56,0.5666666666666667,0.36666666666666664,0.24989754098360656,0.5082036676854682,0.7115384615384616,0.5661526295242577,0.8327117346938774,0.6204148623087963,0.21628392227036713,user_id,1000,False,N >= 200 interactions and >= 30 students
Subject,Combined Events,333,147,0.4864864864864865,0.3153153153153153,0.26248112416107383,0.37583675775631803,0.7572377445671792,0.6927655947208987,0.810475165438146,0.5859688129152799,0.20152716782105062,user_id,1000,True,N >= 200 interactions and >= 30 students
Subject,Completing the Square,128,61,0.671875,0.2109375,0.1533306451612903,0.2712002579218865,0.8006644518272426,0.7209444993412385,0.8617852428099952,0.4938535537284013,0.16094552982327875,user_id,1000,False,N >= 200 interactions and >= 30 students
Subject,Composite Functions,64,35,0.546875,0.375,0.2077803294266709,0.55,0.7605911330049261,0.5688896129756345,0.8736444652908067,0.594637302983569,0.20846094303998666,user_id,1000,False,N >= 200 interactions and >= 30 students
Subject,Compound Area,243,133,0.5473251028806584,0.2880658436213992,0.23199268292682929,0.34568682606657286,0.770745044429255,0.7033375240048173,0.825779146765089,0.5743859841091736,0.1938995896988764,user_id,1000,True,N >= 200 interactions and >= 30 students
Subject,Congruency in Other Shapes,57,36,0.7894736842105263,0.3333333333333333,0.18604651162790697,0.4655728587319243,0.6851851851851851,0.47583017676767675,0.859031367481203,0.6009659245660784,0.21005617811017954,user_id,1000,False,N >= 200 interactions and >= 30 students
Subject,Congruency in Triangles,150,72,0.6666666666666666,0.31333333333333335,0.22141771902131016,0.4195589705147426,0.6822,0.5608585442938127,0.7827119757612976,0.612389545072087,0.2091569472098854,user_id,1000,False,N >= 200 interactions and >= 30 students
Subject,Construct Angle and Line Bisectors,176,80,0.6022727272727273,0.23295454545454544,0.16770006821527306,0.30575788363096396,0.7943396226415095,0.7121043619573708,0.8654587814235912,0.5310135324167707,0.1792115639088085,user_id,1000,False,N >= 200 interactions and >= 30 students
Subject,Converting Mixed Number and Improper Fractions,329,134,0.7112462006079028,0.24316109422492402,0.18832517438440205,0.30189611981665065,0.7828609986504723,0.7235218134006827,0.832975089637102,0.4917859436309794,0.16321611869566896,user_id,1000,True,N >= 200 interactions and >= 30 students
Subject,Converting between Decimals and Percentages,560,242,0.6017857142857143,0.2732142857142857,0.2261283815097186,0.3203648460050116,0.7801492994105202,0.7313138869831534,0.8277007829319912,0.5585136504258419,0.18862445846825707,user_id,1000,True,N >= 200 interactions and >= 30 students
Subject,Converting between Fractions and Decimals,981,335,0.6269113149847095,0.2599388379204893,0.23045472899274236,0.2906931192400974,0.7999466879914701,0.7670824293908389,0.8303514956946872,0.5207407587530242,0.1746501900413809,user_id,1000,True,N >= 200 interactions and >= 30 students
Subject,Converting between Fractions and Percentages,477,234,0.6037735849056604,0.27044025157232704,0.22525657894736842,0.31770255811691467,0.7858796296296297,0.7353299589098137,0.8285030554729941,0.5467442628312003,0.18339532073504303,user_id,1000,True,N >= 200 interactions and >= 30 students
Subject,Counting,80,17,0.7375,0.2375,0.11389285077553932,0.3690806878306878,0.7425343018563358,0.6067623946508428,0.8702110389610389,0.5142296829210975,0.17054961135194713,user_id,1000,False,N >= 200 interactions and >= 30 students
Subject,Cubics and Reciprocals,63,36,0.5714285714285714,0.2857142857142857,0.1599855072463768,0.42309322033898306,0.7962962962962963,0.6646847507331379,0.8983643671143672,0.5406885469543482,0.18452522281396233,user_id,1000,False,N >= 200 interactions and >= 30 students
Subject,Cumulative Frequency Diagram,120,62,0.5416666666666666,0.3416666666666667,0.2677137628923145,0.43549421009098427,0.7451748251748253,0.6411330357142858,0.8227240697001234,0.6025034199156323,0.20644979838768532,user_id,1000,False,N >= 200 interactions and >= 30 students
Subject,Currency Conversions,239,104,0.6108786610878661,0.2594142259414226,0.1936435736606132,0.331710598271902,0.8202975401384592,0.7391080578861422,0.8796170305437598,0.5186488642938933,0.17228842179393178,user_id,1000,True,N >= 200 interactions and >= 30 students
Subject,Data Collection-Others,63,39,0.5555555555555556,0.4126984126984127,0.29626593806921675,0.5384615384615384,0.6479591836734694,0.5018790584415584,0.7745993589743589,0.6765455780876418,0.24129255368543048,user_id,1000,False,N >= 200 interactions and >= 30 students
Subject,Density,63,46,0.5714285714285714,0.3492063492063492,0.2537313432835821,0.4655728587319243,0.712962962962963,0.587272509578544,0.832735906862745,0.6018817176050688,0.21054856276024786,user_id,1000,False,N >= 200 interactions and >= 30 students
Subject,Difference of Two Squares,143,85,0.5874125874125874,0.27972027972027974,0.20987654320987653,0.3609022556390977,0.7572639225181598,0.6798021235521237,0.8302869922847306,0.5797677800380598,0.19744929744353046,user_id,1000,False,N >= 200 interactions and >= 30 students
Subject,Direct Proportion,976,370,0.6229508196721312,0.27049180327868855,0.2417624603447617,0.29943578833984114,0.7886647239702518,0.7587757295109598,0.8173110522244622,0.5387575098148322,0.17997808156963913,user_id,1000,True,N >= 200 interactions and >= 30 students
Subject,Distance Between Two Co-ordinates,51,43,0.5098039215686274,0.29411764705882354,0.17647058823529413,0.42,0.803076923076923,0.6711296161895761,0.902779761904762,0.5447477488550635,0.18404512994653516,user_id,1000,False,N >= 200 interactions and >= 30 students
Subject,Dividing Fractions,479,214,0.5887265135699373,0.2839248434237996,0.24054472766575152,0.32495999404562537,0.7736436620225366,0.7318873515037884,0.814660837576665,0.5666633457344854,0.1909803673929977,user_id,1000,True,N >= 200 interactions and >= 30 students
Subject,Dividing Terms,106,68,0.6320754716981132,0.3490566037735849,0.2553137212331741,0.43803102798318105,0.7374665135859165,0.6379066148904858,0.8284301944364132,0.5732210587184807,0.19692584047354997,user_id,1000,False,N >= 200 interactions and >= 30 students
Subject,Enlargement,349,168,0.5243553008595988,0.32951289398280803,0.2762712098601669,0.3879597159588073,0.7364210942129172,0.6785709495721931,0.7920703536766895,0.5974966633410375,0.2069677691941434,user_id,1000,True,N >= 200 interactions and >= 30 students
Subject,Equation of a Circle,75,25,0.64,0.18666666666666668,0.09833219489981786,0.279078317373461,0.8325617283950616,0.7304183097945708,0.9097912692178207,0.48764686187658174,0.1579147800307415,user_id,1000,False,N >= 200 interactions and >= 30 students
Subject,Equivalent Fractions,584,201,0.6592465753424658,0.2517123287671233,0.20642079272149333,0.29643534028075624,0.8022580434640736,0.751633398985316,0.8463004806115149,0.5045141872425414,0.1679786326701046,user_id,1000,True,N >= 200 interactions and >= 30 students
Subject,Estimation,439,142,0.6036446469248291,0.30068337129840544,0.25430339265850943,0.3472281073446328,0.7484276729559748,0.6942770038781231,0.7990386477393657,0.5822636554696619,0.19775224911381384,user_id,1000,True,N >= 200 interactions and >= 30 students
Subject,Exact Values of Trigonometric Ratios,101,48,0.7722772277227723,0.27722772277227725,0.17497282608695652,0.391304347826087,0.6828316610925307,0.5273339685520695,0.8055771604938272,0.5212768555177394,0.1741922773937341,user_id,1000,False,N >= 200 interactions and >= 30 students
Subject,Expanding Double Brackets,431,178,0.580046403712297,0.30162412993039445,0.24532864077669903,0.3549063046014128,0.7621878453038673,0.7061361876614856,0.8159244666958807,0.5726583765791184,0.19610061634501616,user_id,1000,True,N >= 200 interactions and >= 30 students
Subject,Expanding Single Brackets,382,149,0.6989528795811518,0.23036649214659685,0.1826011190115398,0.2802613384955752,0.7956684579058786,0.7342871946816509,0.8516873141717436,0.48805322419376107,0.16010776021979517,user_id,1000,True,N >= 200 interactions and >= 30 students
Subject,Expanding Triple Brackets and more,68,47,0.5735294117647058,0.23529411764705882,0.140625,0.3230769230769231,0.8496905393457118,0.7404706457363004,0.9421412037037037,0.5043745653265531,0.1686612417340105,user_id,1000,False,N >= 200 interactions and >= 30 students
Subject,Experimental Probability and Relative Frequency,243,114,0.6378600823045267,0.3004115226337449,0.25102880658436216,0.3548589553246052,0.7151026392961878,0.6468928435291268,0.7784565517538939,0.5977637107260484,0.2026657970729049,user_id,1000,True,N >= 200 interactions and >= 30 students
Subject,Factorising into a Double Bracket,354,165,0.6807909604519774,0.2542372881355932,0.20754581045076398,0.30220588235294116,0.7483567730327176,0.6933599992690922,0.7958951033971244,0.5462289506123774,0.18073905726507938,user_id,1000,True,N >= 200 interactions and >= 30 students
Subject,Factorising into a Single Bracket,284,139,0.5985915492957746,0.30985915492957744,0.24782338308457713,0.37976020681048317,0.7473684210526315,0.6763374771587419,0.7989447724423809,0.5877928819708513,0.19970667624676106,user_id,1000,True,N >= 200 interactions and >= 30 students
Subject,Factors and Highest Common Factor,471,255,0.6518046709129511,0.2781316348195329,0.23677029837074723,0.32446021118034407,0.7431675538253755,0.695511182372225,0.7903283578042433,0.5645963769808189,0.19102005910788805,user_id,1000,True,N >= 200 interactions and >= 30 students
Subject,Find Missing Quantities,351,170,0.6068376068376068,0.23646723646723647,0.1897952193152993,0.28334269662921346,0.7961488739198476,0.7445148160827918,0.844081599312668,0.53093818293973,0.17806787481491332,user_id,1000,True,N >= 200 interactions and >= 30 students
Subject,Finding the Equation of a Line,280,175,0.5678571428571428,0.24285714285714285,0.19131425133230187,0.2945723291307233,0.7843443006393263,0.730361794182152,0.8352847675756859,0.5541380014706366,0.18643824687034957,user_id,1000,True,N >= 200 interactions and >= 30 students
Subject,Finding the Gradient and Intercept of a Line from the Equation,328,193,0.4481707317073171,0.2926829268292683,0.24148584822685057,0.3439481891512361,0.7237569060773481,0.6547935927055332,0.7841502774994209,0.5934854549403188,0.20476786077822023,user_id,1000,True,N >= 200 interactions and >= 30 students
Subject,Fractions of an Amount,1271,400,0.6726986624704957,0.26278520849724624,0.23172067333251545,0.2995680406549972,0.791169028340081,0.7574778120026504,0.8182334046029789,0.509970918246751,0.17073725736869363,user_id,1000,True,N >= 200 interactions and >= 30 students
Subject,Frequency Trees,86,65,0.7209302325581395,0.22093023255813954,0.14282106782106782,0.31398508594539937,0.7936827956989246,0.6383189145223308,0.8988271752402187,0.5007700589637593,0.16620500547768766,user_id,1000,False,N >= 200 interactions and >= 30 students
Subject,Function Machines,144,95,0.625,0.22916666666666666,0.16767598343685303,0.30656934306569344,0.7938271604938271,0.7069216184497514,0.8643446202549463,0.528715577453807,0.17785074066698311,user_id,1000,False,N >= 200 interactions and >= 30 students
Subject,Function Notation,83,57,0.5783132530120482,0.25301204819277107,0.16666666666666666,0.3334158415841583,0.8279761904761905,0.7445985864727638,0.9043453159041396,0.5081008647144251,0.16843255871093535,user_id,1000,False,N >= 200 interactions and >= 30 students
Subject,Gradient Between Two Co-ordinates,92,71,0.4782608695652174,0.3804347826086957,0.28153703501690847,0.47426433790411365,0.6931818181818182,0.5804366243929707,0.7939191957051777,0.6215869744715203,0.21817336119725284,user_id,1000,False,N >= 200 interactions and >= 30 students
Subject,Gradient as change in y over change in x,131,72,0.6106870229007634,0.3053435114503817,0.2080446566855963,0.39495551125589534,0.7914215686274509,0.713823802130076,0.8661316028079752,0.5415901319597475,0.1842393624175677,user_id,1000,False,N >= 200 interactions and >= 30 students
Subject,Graphical Solution of Quadratic Equations,129,98,0.5426356589147286,0.37209302325581395,0.29031642452597883,0.4603329613095238,0.6576271186440679,0.5549085014897074,0.7485305063353185,0.6544968397490228,0.23351817132077932,user_id,1000,False,N >= 200 interactions and >= 30 students
Subject,Graphical Solution of Simultaneous Equations,196,152,0.5153061224489796,0.2755102040816326,0.20196813062281738,0.350522210827441,0.7937467430953622,0.7114734375593056,0.8646207413695529,0.5412211158410477,0.1833711945907018,user_id,1000,False,N >= 200 interactions and >= 30 students
Subject,Graphing Linear Inequalities (Shading Regions),119,42,0.7142857142857143,0.24369747899159663,0.17928495054798183,0.3225890456989247,0.643598615916955,0.4987900451104824,0.7646407420221427,0.5708652899379202,0.1892435129748255,user_id,1000,False,N >= 200 interactions and >= 30 students
Subject,Graphs of Exponentials and Other Powers of x,61,35,0.7049180327868853,0.18032786885245902,0.07692307692307693,0.3050847457627119,0.8927648578811369,0.7737754312251215,0.9644759063356064,0.44373911386558573,0.13933696486664937,user_id,1000,False,N >= 200 interactions and >= 30 students
Subject,Graphs of Trigonometric Functions,51,36,0.7843137254901961,0.11764705882352941,0.035462454212454225,0.2,0.8704545454545455,0.7415272045028142,0.9777818627450982,0.3996079414862641,0.12090985897815612,user_id,1000,False,N >= 200 interactions and >= 30 students
Subject,Histogram,146,64,0.6027397260273972,0.2876712328767123,0.21967329545454545,0.3740696564885496,0.7125783699059561,0.6132741827138379,0.8056559867622498,0.6018573331288268,0.2026674934244213,user_id,1000,False,N >= 200 interactions and >= 30 students
Subject,Horizontal and Vertical Lines,126,87,0.5793650793650794,0.29365079365079366,0.20965936446798267,0.39669749442476715,0.7653140346342724,0.6606781302465997,0.8546583216038021,0.5712377281119975,0.19242093165634233,user_id,1000,False,N >= 200 interactions and >= 30 students
Subject,Indirect (Inverse) Proportion,130,66,0.6615384615384615,0.3384615384615385,0.2396694214876033,0.432870188531029,0.7013742071881608,0.5931183862433862,0.7973096079950918,0.5824929841297405,0.20140709430817913,user_id,1000,False,N >= 200 interactions and >= 30 students
Subject,Inequalities on Number Lines,301,113,0.6146179401993356,0.27906976744186046,0.22146591310490993,0.3377606449169507,0.7720410065237652,0.7094065061140428,0.8247357663122638,0.5495183774523421,0.1863862756550045,user_id,1000,True,N >= 200 interactions and >= 30 students
Subject,Interpreting and Comparing Data using Averages and Range,68,63,0.38235294117647056,0.3088235294117647,0.21428571428571427,0.4264705882352941,0.7564102564102565,0.6267654854910715,0.8608948631957044,0.5748213189008923,0.19636876268919065,user_id,1000,False,N >= 200 interactions and >= 30 students
Subject,Inverse Functions,62,44,0.5806451612903226,0.20967741935483872,0.10414870689655173,0.3275996767241379,0.8568376068376068,0.743122903412377,0.9449863485894924,0.4860973966516339,0.16016024641185447,user_id,1000,False,N >= 200 interactions and >= 30 students
Subject,Laws of Indices,735,236,0.6149659863945578,0.32108843537414966,0.27862233065996717,0.36746447512903835,0.719980299571594,0.6715368011073513,0.7643703834052576,0.5991696997586049,0.2070146418365115,user_id,1000,True,N >= 200 interactions and >= 30 students
Subject,Length Scale Factors in Similar Shapes,258,123,0.6046511627906976,0.3178294573643411,0.25724378881987575,0.37451444223107566,0.7620663650075415,0.6965992275692797,0.8176067471985181,0.5665903723620977,0.19296640075258484,user_id,1000,True,N >= 200 interactions and >= 30 students
Subject,Length Units,559,239,0.6565295169946332,0.2522361359570662,0.20832782186948853,0.2958408413274565,0.7919646911898273,0.743406732033215,0.8377648083621881,0.5157650202200477,0.1719012376459525,user_id,1000,True,N >= 200 interactions and >= 30 students
Subject,"Length, Area and Volume Scale Factors",166,81,0.5843373493975904,0.3253012048192771,0.23342340158558147,0.4270449929698485,0.7558643358733005,0.646740716875259,0.8412836464832462,0.5727943581308733,0.19665593458172367,user_id,1000,False,N >= 200 interactions and >= 30 students
Subject,Line Symmetry,131,45,0.7404580152671756,0.19083969465648856,0.11022421739965431,0.27827156094084105,0.8244390539721043,0.7159231383485889,0.9122761927788523,0.4448101725149488,0.14412488153501596,user_id,1000,False,N >= 200 interactions and >= 30 students
Subject,Linear Equations,1996,568,0.6477955911823647,0.2650300601202405,0.23868574386233665,0.291245732821508,0.7864494119226078,0.756970123397348,0.8122644449273674,0.5253229190317851,0.17658410933533564,user_id,1000,True,N >= 200 interactions and >= 30 students
Subject,Linear Sequences (nth term),705,294,0.5843971631205673,0.28794326241134754,0.254956118424707,0.3251149348923731,0.7570661718413467,0.7117384201266934,0.7977624143148431,0.5771333669383663,0.19550204359162768,user_id,1000,True,N >= 200 interactions and >= 30 students
Subject,Loci Scenarios,254,106,0.5118110236220472,0.31496062992125984,0.25206611570247933,0.3782130883301096,0.7593052109181142,0.6793704634928713,0.826282744683584,0.5678583532572766,0.1960093510418424,user_id,1000,True,N >= 200 interactions and >= 30 students
Subject,Measuring Angles,100,60,0.68,0.26,0.15625,0.35242559523809525,0.7821691176470588,0.6878248331413539,0.8708300227766301,0.5163021759281089,0.17388626858863618,user_id,1000,False,N >= 200 interactions and >= 30 students
Subject,Mental Addition and Subtraction,862,258,0.7064965197215777,0.24245939675174014,0.20723083580333507,0.28041177970423253,0.7982696963206708,0.754009105690157,0.8328686492546818,0.4828453101785052,0.15999628421032414,user_id,1000,True,N >= 200 interactions and >= 30 students
Subject,Mental Multiplication and Division,900,328,0.6655555555555556,0.23444444444444446,0.2055487194877951,0.26780066868948454,0.8016461544434523,0.7673875482597796,0.8325264369909832,0.5026666539103163,0.16577339813164776,user_id,1000,True,N >= 200 interactions and >= 30 students
Subject,Midpoint Between Two Co-ordinates,125,80,0.664,0.304,0.208955223880597,0.39736867485372596,0.757601835915089,0.6611461881728654,0.8498999956754887,0.5439230258766996,0.18322800014216659,user_id,1000,False,N >= 200 interactions and >= 30 students
Subject,Missing Lengths,136,98,0.6102941176470589,0.23529411764705882,0.16152097902097903,0.30985915492957744,0.7926801545805864,0.7036793145654835,0.8669177115734374,0.5372869397584553,0.17903478882283208,user_id,1000,False,N >= 200 interactions and >= 30 students
Subject,Multiples and Lowest Common Multiple,613,267,0.5628058727569332,0.25938009787928223,0.2202466528352016,0.30479822277168184,0.8125459658230586,0.7711191632872358,0.8463624752258996,0.5286945519233834,0.1756665338973454,user_id,1000,True,N >= 200 interactions and >= 30 students
Subject,Multiplying Fractions,585,231,0.6581196581196581,0.27350427350427353,0.23371736311788685,0.31670154400149475,0.7726363636363637,0.7232773673618842,0.8155825161326555,0.5326514106156935,0.17926677886310904,user_id,1000,True,N >= 200 interactions and >= 30 students
Subject,Multiplying Terms,221,143,0.583710407239819,0.3031674208144796,0.24528301886792453,0.36250726744186046,0.7692955847657568,0.7012353853115566,0.8313754612998326,0.5655634455386253,0.19313994676532742,user_id,1000,True,N >= 200 interactions and >= 30 students
Subject,Multiplying and Dividing Algebraic Fractions,54,36,0.5370370370370371,0.3148148148148148,0.19148153942428034,0.4444444444444444,0.8110344827586207,0.6992573347568144,0.916841489994539,0.5603151585866027,0.1892811526437454,user_id,1000,False,N >= 200 interactions and >= 30 students
Subject,Multiplying and Dividing Negative Numbers,243,119,0.6378600823045267,0.29218106995884774,0.22075039446534772,0.36981800623978606,0.7888563049853371,0.7222954583698281,0.848654613611449,0.5314277571741041,0.17846805793217096,user_id,1000,True,N >= 200 interactions and >= 30 students
Subject,Multiplying and Dividing with Decimals,320,151,0.625,0.246875,0.2020358921900018,0.29881969881969883,0.8133750000000001,0.7596466827631806,0.858318499853357,0.5155590927675332,0.16917875601771254,user_id,1000,True,N >= 200 interactions and >= 30 students
Subject,Names and Properties of 3D Shapes,260,133,0.7115384615384616,0.24615384615384617,0.18796992481203006,0.30303030303030304,0.7803963963963965,0.7114117676643257,0.8400917995388152,0.5082338923813776,0.1697148241466264,user_id,1000,True,N >= 200 interactions and >= 30 students
Subject,Naming Co-ordinates in 2D,372,177,0.6478494623655914,0.27956989247311825,0.23795727739070516,0.32625994694960214,0.7725760983180766,0.7212360792560654,0.8230544045134536,0.5444931435223391,0.18295369282975815,user_id,1000,True,N >= 200 interactions and >= 30 students
Subject,Nets,159,66,0.660377358490566,0.33962264150943394,0.27745571508484057,0.4090909090909091,0.6869488536155202,0.5934222027972029,0.7668402777777777,0.6158417122270229,0.2163914381793141,user_id,1000,False,N >= 200 interactions and >= 30 students
Subject,Non Right-angled Triangles (Sine and Cosine Rules),217,83,0.5990783410138248,0.3686635944700461,0.29814344160674433,0.4407830258132793,0.6773651635720601,0.5952519085843394,0.753499502816328,0.6476640382559757,0.2255701454941335,user_id,1000,True,N >= 200 interactions and >= 30 students
Subject,Operations with Surds,243,83,0.6008230452674898,0.2674897119341564,0.21310603418207183,0.32612062331666025,0.8125970908063832,0.7408397393318669,0.8708408852735019,0.5207332833212442,0.1744039856193638,user_id,1000,True,N >= 200 interactions and >= 30 students
Subject,Ordering Decimals,309,127,0.7411003236245954,0.20711974110032363,0.15384615384615385,0.26502653035552964,0.8310043668122271,0.7605019915785273,0.896728006127835,0.4345349978784425,0.1421917788851187,user_id,1000,True,N >= 200 interactions and >= 30 students
Subject,Ordering Fractions,532,169,0.6372180451127819,0.2781954887218045,0.2349378246932685,0.3247879602413366,0.770431167560793,0.7199603421972457,0.814389236531531,0.5436058487739254,0.18345816071660073,user_id,1000,True,N >= 200 interactions and >= 30 students
Subject,Ordering Negative Numbers,210,106,0.6142857142857143,0.23809523809523808,0.17440024479804161,0.30199373191899703,0.7864867451430758,0.7268200362942923,0.8439474537370952,0.539746040584807,0.1813572630604315,user_id,1000,True,N >= 200 interactions and >= 30 students
Subject,Other Sequences,287,177,0.5505226480836237,0.27526132404181186,0.21873899647887324,0.3288135593220339,0.8116475321361986,0.7549028761324524,0.860560929496116,0.5272422227645911,0.17729270345051387,user_id,1000,True,N >= 200 interactions and >= 30 students
Subject,Parallel Lines,99,71,0.6565656565656566,0.2828282828282828,0.19265172900494001,0.3939393939393939,0.8171945701357466,0.713543851981352,0.8954752211999636,0.5042316488240098,0.1683409272098735,user_id,1000,False,N >= 200 interactions and >= 30 students
Subject,Parts of a Circle,128,81,0.7265625,0.21875,0.14283301158301157,0.30350095785440606,0.8055299539170507,0.7066060990176845,0.8903521735995962,0.4639747263325158,0.14975655372408686,user_id,1000,False,N >= 200 interactions and >= 30 students
Subject,Percentage Increase and Decrease,748,297,0.5681818181818182,0.3074866310160428,0.26816212224776087,0.3422523395721925,0.7659515570934257,0.7282390513899397,0.8050492116253811,0.5732513133844295,0.1962544412272632,user_id,1000,True,N >= 200 interactions and >= 30 students
Subject,Percentages of an Amount,1060,393,0.6660377358490566,0.27075471698113207,0.23777432623767208,0.30213534747354437,0.777934492085594,0.7450337247269704,0.8098431845988288,0.5264168982091182,0.17685520442745525,user_id,1000,True,N >= 200 interactions and >= 30 students
Subject,Perimeter,659,235,0.5872534142640364,0.30500758725341426,0.2642732230986846,0.3460252246877422,0.7667008663930688,0.7201065786624126,0.8066898500357946,0.563920782204276,0.19277741218394526,user_id,1000,True,N >= 200 interactions and >= 30 students
Subject,Perpendicular Lines,139,102,0.4748201438848921,0.302158273381295,0.22531532478452806,0.3793275862068965,0.7687837276878372,0.694216690873092,0.8413738247236879,0.5907903164657772,0.20103618691955416,user_id,1000,False,N >= 200 interactions and >= 30 students
Subject,Pictogram,220,95,0.7318181818181818,0.22272727272727272,0.16362708719851576,0.28302102179719135,0.8139804189914728,0.7266508986457041,0.8886716032202114,0.4643170107264426,0.15178562191371445,user_id,1000,True,N >= 200 interactions and >= 30 students
Subject,Pie Chart,443,193,0.5169300225733634,0.30699774266365687,0.2628800895553473,0.3529496933908699,0.768742602946578,0.7210670658093496,0.8129213665548191,0.5757368972311969,0.19670576723114105,user_id,1000,True,N >= 200 interactions and >= 30 students
Subject,Place Value,1049,321,0.6901811248808389,0.24976167778836988,0.2173340569654168,0.2840834705141861,0.7949596260093497,0.7588741512260079,0.8259094246041485,0.49660854154632894,0.16520624438866768,user_id,1000,True,N >= 200 interactions and >= 30 students
Subject,Plans and Elevations,143,68,0.6573426573426573,0.3076923076923077,0.22764227642276422,0.3875347222222222,0.721884498480243,0.6212298606637865,0.8127324488866776,0.6037533015285783,0.2076986614425619,user_id,1000,False,N >= 200 interactions and >= 30 students
Subject,Plotting Lines from Tables of Values,295,165,0.4847457627118644,0.31864406779661014,0.2653643701017663,0.3795603745157124,0.763847994111152,0.695846928881664,0.8219754967885979,0.5733056869149217,0.19643395392860816,user_id,1000,True,N >= 200 interactions and >= 30 students
Subject,Plotting Quadratics from Tables of Values,245,103,0.5306122448979592,0.2897959183673469,0.23104477252281197,0.3496287057949055,0.7783277591973244,0.7132200983894905,0.8427400394299046,0.5662505613599947,0.1923610913006654,user_id,1000,True,N >= 200 interactions and >= 30 students
Subject,Prime Numbers and Prime Factors,596,292,0.5620805369127517,0.313758389261745,0.2735948623853211,0.3531825296597357,0.7563332761479955,0.7168992399601359,0.7948800910926076,0.5793301561026298,0.1993498617140996,user_id,1000,True,N >= 200 interactions and >= 30 students
Subject,Probability of Single Events,766,256,0.6684073107049608,0.22715404699738903,0.19538484777815468,0.2608122796709753,0.809454970472441,0.7761234921586178,0.8428021324048364,0.49499050383808646,0.16247782572320385,user_id,1000,True,N >= 200 interactions and >= 30 students
Subject,Probability with Venn Diagrams,319,156,0.6614420062695925,0.30407523510971785,0.25223428950422816,0.359378540407855,0.7220905739863086,0.6632176149855682,0.7777136625298051,0.5743188270997533,0.19563287228839893,user_id,1000,True,N >= 200 interactions and >= 30 students
Subject,Properties of Polygons,158,83,0.6708860759493671,0.34810126582278483,0.26113957352533923,0.4370486111111111,0.7171625544267053,0.6161291102514506,0.796759638642237,0.5828036189974901,0.2021133610970052,user_id,1000,False,N >= 200 interactions and >= 30 students
Subject,Properties of Quadrilaterals,303,129,0.5115511551155115,0.32673267326732675,0.2699875886524823,0.3871983424939883,0.7666085440278988,0.6972990955461712,0.8230546411286453,0.5765078080842392,0.19704236274263118,user_id,1000,True,N >= 200 interactions and >= 30 students
Subject,Properties of Triangles,165,100,0.593939393939394,0.3393939393939394,0.2682926829268293,0.4131795069079717,0.7261650929028327,0.6453258348794062,0.8018844791937502,0.6020574879267702,0.2074350784251821,user_id,1000,False,N >= 200 interactions and >= 30 students
Subject,Quadratic Equations,427,139,0.5550351288056206,0.3255269320843091,0.27749762304250564,0.3709468191862469,0.7393959582500556,0.6790598918042794,0.7949675211456398,0.5989073988246111,0.2060060206305856,user_id,1000,True,N >= 200 interactions and >= 30 students
Subject,Quadratic Sequences,137,78,0.6131386861313869,0.2773722627737226,0.19078164160401004,0.3664245702674501,0.7681940700808625,0.6607050492610839,0.8534363587986016,0.5523824399712346,0.18715643212635044,user_id,1000,False,N >= 200 interactions and >= 30 students
Subject,Range and Interquartile Range from a List of Data,100,84,0.64,0.24,0.1632377275234418,0.32358724388631854,0.7816840277777777,0.6772412352720883,0.8672172287537399,0.5293372290806372,0.1766172957855134,user_id,1000,False,N >= 200 interactions and >= 30 students
Subject,Rationalising the Denominator,196,96,0.5918367346938775,0.3112244897959184,0.24527839437661858,0.37880094043887147,0.7623922413793103,0.6958859548853198,0.8243914575863496,0.5666970741795989,0.1950950699321525,user_id,1000,False,N >= 200 interactions and >= 30 students
Subject,Real Life Graphs,258,112,0.47674418604651164,0.29844961240310075,0.23789904138770543,0.3640339650504553,0.7558566696778078,0.6801094503158983,0.8189832215003964,0.5830349458845941,0.19905524569061991,user_id,1000,True,N >= 200 interactions and >= 30 students
Subject,Rearranging Formula and Equations,557,182,0.5583482944344704,0.28545780969479356,0.23700871496924128,0.33158029001074113,0.7881604057198128,0.7378601225962925,0.8339406102117399,0.548882523727836,0.18732165910030918,user_id,1000,True,N >= 200 interactions and >= 30 students
Subject,Recurring Decimals to Fractions,135,73,0.6814814814814815,0.23703703703703705,0.15893514138547252,0.3303626770956316,0.7992922143579373,0.7049503947135345,0.882756969800021,0.4985725671857623,0.16557703402435373,user_id,1000,False,N >= 200 interactions and >= 30 students
Subject,Reflection,322,177,0.6055900621118012,0.2919254658385093,0.2372011926699427,0.35714871194379394,0.7721380981223501,0.7083329478164322,0.8296533138909992,0.5572000428404962,0.18810727203447256,user_id,1000,True,N >= 200 interactions and >= 30 students
Subject,Repeated Percentages and Compound Interest,326,106,0.4938650306748466,0.294478527607362,0.23938254223652453,0.3494030104995819,0.7691699604743084,0.707635374449762,0.8263613684394822,0.5752245082305318,0.19750040190538132,user_id,1000,True,N >= 200 interactions and >= 30 students
Subject,Reverse Percentages (Original Amount),191,112,0.5026178010471204,0.3089005235602094,0.24,0.38004106280193234,0.7714912280701754,0.6935836812270864,0.841414334920082,0.5936547132338564,0.20362100757958984,user_id,1000,False,N >= 200 interactions and >= 30 students
Subject,Right-angled Triangles (SOHCAHTOA),668,190,0.7080838323353293,0.2155688622754491,0.1796790657901769,0.25441939511653716,0.8032091939068684,0.7521219828732719,0.8442575710665504,0.4828237887330077,0.15653459806610254,user_id,1000,True,N >= 200 interactions and >= 30 students
Subject,Roman Numerals,146,22,0.6643835616438356,0.2876712328767123,0.191059253610837,0.39847656249999996,0.7046076162423731,0.5579994501254101,0.804118659612318,0.5860201749796389,0.20003258470568053,user_id,1000,False,N >= 200 interactions and >= 30 students
Subject,Rotation,237,119,0.5822784810126582,0.31645569620253167,0.2546092396407835,0.38992617545871555,0.7456448543405066,0.6654379641764964,0.8107066519789734,0.5813426146291701,0.20143415205132947,user_id,1000,True,N >= 200 interactions and >= 30 students
Subject,Rounding to Decimal Places,199,123,0.5829145728643216,0.33668341708542715,0.26287383893028476,0.4158225443287363,0.7382633984212714,0.6476665104706241,0.8129607722909262,0.5863389673505398,0.20355930014275572,user_id,1000,False,N >= 200 interactions and >= 30 students
Subject,Rounding to Significant Figures,176,96,0.5340909090909091,0.3068181818181818,0.24159988156336362,0.3743672014260249,0.7484431759211209,0.6759274581887847,0.8092992745505665,0.6068119752892865,0.20622322523875578,user_id,1000,False,N >= 200 interactions and >= 30 students
Subject,"Rounding to the Nearest Whole (10, 100, etc)",466,173,0.6824034334763949,0.26180257510729615,0.21427740863787376,0.31279004851905234,0.7798529661737209,0.7205832603178931,0.8288333204576773,0.5105197229374592,0.1706078185472275,user_id,1000,True,N >= 200 interactions and >= 30 students
Subject,Sampling and Bias,51,35,0.5490196078431373,0.21568627450980393,0.11761285909712722,0.3265404238618524,0.8043478260869565,0.6752602464040537,0.9072908986175114,0.5502113748372808,0.17851591833796476,user_id,1000,False,N >= 200 interactions and >= 30 students
Subject,Scale Drawing and Maps,242,123,0.48760330578512395,0.32644628099173556,0.2649449035812672,0.3879074883252999,0.7400902132312739,0.6681028351031858,0.8059652928886573,0.5983899282839683,0.20512881296473787,user_id,1000,True,N >= 200 interactions and >= 30 students
Subject,Scatter Diagram,512,156,0.630859375,0.259765625,0.21551342430851783,0.30424985205040733,0.8036103330220977,0.7554986360831552,0.8419273347736032,0.5170769509918696,0.17218190528508698,user_id,1000,True,N >= 200 interactions and >= 30 students
Subject,Sectors of a Circle,254,124,0.5,0.3346456692913386,0.27430275537634413,0.39669421487603307,0.7381114762229523,0.6695543849318538,0.802637362720533,0.6075368232830827,0.20877213917476137,user_id,1000,True,N >= 200 interactions and >= 30 students
Subject,Sharing in a Ratio,603,263,0.6368159203980099,0.26533996683250416,0.22372716534351564,0.305016065830721,0.7867675038051751,0.7496182419940963,0.823627162791651,0.5322576048855109,0.17755468473796024,user_id,1000,True,N >= 200 interactions and >= 30 students
Subject,Simplifying Algebraic Fractions,162,76,0.5740740740740741,0.2777777777777778,0.20232142857142857,0.36805662065439676,0.8048932522985819,0.7152644054817968,0.8709115180162974,0.5433814205043246,0.18289231255036958,user_id,1000,False,N >= 200 interactions and >= 30 students
Subject,Simplifying Expressions by Collecting Like Terms,733,299,0.5402455661664393,0.2878581173260573,0.25384745865587427,0.32117440041710116,0.7770284446842309,0.7418035270283411,0.8130186346661397,0.5640769130263588,0.19061635892085688,user_id,1000,True,N >= 200 interactions and >= 30 students
Subject,Simplifying Fractions,247,110,0.6518218623481782,0.23481781376518218,0.1822029609551911,0.2949,0.7782753141701574,0.6939761769975894,0.8395578267363122,0.5302449361082924,0.17606756390670456,user_id,1000,True,N >= 200 interactions and >= 30 students
Subject,Simplifying Surds,164,83,0.6341463414634146,0.2865853658536585,0.17239338910426444,0.3986824324324324,0.8158653846153846,0.7289676618621171,0.891577136894208,0.5214647150003311,0.1767030316331798,user_id,1000,False,N >= 200 interactions and >= 30 students
Subject,Simplifying and Equivalent Ratios,399,202,0.6416040100250626,0.22305764411027568,0.17356992214960815,0.2705639367816092,0.8339434003496504,0.7937591870808189,0.8731714231468629,0.4823257787818782,0.15900277041509356,user_id,1000,True,N >= 200 interactions and >= 30 students
Subject,Simultaneous Equations,577,162,0.6533795493934142,0.22876949740034663,0.18441235285069266,0.2757511944651278,0.8105039787798407,0.7562350830859794,0.8560373804359389,0.499576102325279,0.1638152900593001,user_id,1000,True,N >= 200 interactions and >= 30 students
Subject,Sketching from Completing the Square Form,86,61,0.6627906976744186,0.3372093023255814,0.2399782608695652,0.4395929339477726,0.7023593466424682,0.5774966786278365,0.7953290738668097,0.5917252505617743,0.2048622806431221,user_id,1000,False,N >= 200 interactions and >= 30 students
Subject,Sketching from Factorised Form,193,116,0.5492227979274611,0.3316062176165803,0.26364895817940004,0.3980815435912523,0.7302103665148558,0.6584307199099605,0.7999238704898403,0.6044149293381446,0.20929765569982559,user_id,1000,False,N >= 200 interactions and >= 30 students
Subject,Solving Linear Inequalities,318,95,0.5031446540880503,0.31446540880503143,0.26449005215375704,0.3689553132065434,0.7366297468354431,0.6674871683267791,0.7930802699475457,0.6067370952042229,0.2107198423698638,user_id,1000,True,N >= 200 interactions and >= 30 students
Subject,Solving Quadratic Inequalities,103,66,0.49514563106796117,0.4368932038834951,0.3440552995391705,0.5316095798769066,0.6353695324283559,0.5095611413043478,0.747697201607916,0.682269386071679,0.24649819506630086,user_id,1000,False,N >= 200 interactions and >= 30 students
Subject,"Speed, Distance, Time",375,189,0.6133333333333333,0.30666666666666664,0.2537679066976674,0.36043684873468457,0.7110344827586206,0.6500183882434264,0.7693445278131426,0.6049762887117126,0.2083406812253426,user_id,1000,True,N >= 200 interactions and >= 30 students
Subject,"Square Roots, Cube Roots, etc",151,101,0.6821192052980133,0.2052980132450331,0.13952752428613482,0.26897790625645257,0.8426375404530744,0.7693251667816885,0.9052833633189167,0.4574566004439662,0.1471225606676778,user_id,1000,False,N >= 200 interactions and >= 30 students
Subject,"Squares, Cubes, etc",397,224,0.5894206549118388,0.3148614609571788,0.2671742653978877,0.35977374582190447,0.7765455403492214,0.730660414851266,0.818652525375801,0.552266237716123,0.1886395565955973,user_id,1000,True,N >= 200 interactions and >= 30 students
Subject,Standard Form,558,163,0.6254480286738351,0.3100358422939068,0.2659923705136471,0.35250440658049353,0.7439848644795108,0.6944378149426655,0.7900182358459125,0.5738992646766684,0.19576265907400392,user_id,1000,True,N >= 200 interactions and >= 30 students
Subject,Stem and Leaf Diagram,163,69,0.6625766871165644,0.22699386503067484,0.1442208904109589,0.3236422346716463,0.8101010101010101,0.7121275659824048,0.8932769933554816,0.49976032823707356,0.1640495193340385,user_id,1000,False,N >= 200 interactions and >= 30 students
Subject,Substitution into Formula,913,359,0.5815991237677984,0.3044906900328587,0.26789394592467314,0.33835403777271245,0.7517082261070192,0.7152587617563182,0.7847250852090041,0.5814842497988767,0.1985568151464998,user_id,1000,True,N >= 200 interactions and >= 30 students
Subject,Surface Area of Non-Prisms,73,45,0.589041095890411,0.2602739726027397,0.11837719298245614,0.4268728222996515,0.8124031007751937,0.6609237318409145,0.9218493703787822,0.5239957428988901,0.17723268068477818,user_id,1000,False,N >= 200 interactions and >= 30 students
Subject,Surface Area of Prisms,173,105,0.3930635838150289,0.3179190751445087,0.2485207100591716,0.3932841091492777,0.7504201680672269,0.6605174174590777,0.8272173479326379,0.5933897183784026,0.2046041320733762,user_id,1000,False,N >= 200 interactions and >= 30 students
Subject,Systematic Listing Strategies,158,96,0.6075949367088608,0.23417721518987342,0.15819777173344493,0.31161684782608695,0.7936827956989247,0.7013415154632405,0.8675140630992797,0.5296786097954352,0.17620405721072252,user_id,1000,False,N >= 200 interactions and >= 30 students
Subject,Tally Charts,93,62,0.7634408602150538,0.20430107526881722,0.1145596590909091,0.2973116733755032,0.7151088348271447,0.5703119349005424,0.8614309997630893,0.5004612899726854,0.1652845908820983,user_id,1000,False,N >= 200 interactions and >= 30 students
Subject,Time,597,217,0.6683417085427136,0.2897822445561139,0.25227661674304824,0.32793806306306306,0.7131211868053973,0.6611888992104158,0.7609244880989138,0.5711178616573918,0.1931529258529402,user_id,1000,True,N >= 200 interactions and >= 30 students
Subject,Time Series and Line Graphs,251,95,0.6414342629482072,0.26294820717131473,0.21266695083830633,0.31698009273451866,0.7683229813664596,0.6972889152897702,0.8239487398623305,0.5452550227929718,0.1819655549072007,user_id,1000,True,N >= 200 interactions and >= 30 students
Subject,Transformations of functions in the form f(x),69,36,0.5507246376811594,0.34782608695652173,0.208955223880597,0.48052572427572426,0.7538200339558574,0.61200416730977,0.8760200459138996,0.6106939051147968,0.2114682224662973,user_id,1000,False,N >= 200 interactions and >= 30 students
Subject,Transformations of functions in the form y =,101,43,0.6435643564356436,0.2871287128712871,0.19275949953660798,0.3605531686358754,0.7286324786324787,0.6327343308865048,0.8312578426640926,0.5777153348209961,0.1983629285743814,user_id,1000,False,N >= 200 interactions and >= 30 students
Subject,Translation and Vectors,402,206,0.6119402985074627,0.30845771144278605,0.26225305377371366,0.35767984698856314,0.7372576610381488,0.6814406595036907,0.7894131399680102,0.5806614558321984,0.20025742542538902,user_id,1000,True,N >= 200 interactions and >= 30 students
Subject,Tree Diagrams with Dependent Events,113,55,0.48672566371681414,0.2743362831858407,0.1794871794871795,0.3750512295081967,0.7943573667711599,0.6839577732296688,0.8858872624550591,0.54626652783297,0.1831386401911906,user_id,1000,False,N >= 200 interactions and >= 30 students
Subject,Tree Diagrams with Independent Events,221,100,0.5746606334841629,0.31221719457013575,0.2418343616516374,0.38418218251648995,0.757915898810521,0.6829674287646602,0.8204965589495842,0.5737911991514706,0.19675316131985476,user_id,1000,True,N >= 200 interactions and >= 30 students
Subject,Trial and Improvement and Iterative Methods,104,26,0.5192307692307693,0.36538461538461536,0.2465753424657534,0.48277981910684004,0.6714814814814813,0.5591113425242795,0.7784265101129738,0.6621924764605521,0.233373250825996,user_id,1000,False,N >= 200 interactions and >= 30 students
Subject,Two Way Tables,125,59,0.68,0.248,0.16920000000000002,0.33035908385093166,0.7379411764705882,0.6481928104575164,0.8300703044375646,0.5418888024436749,0.17916179464056034,user_id,1000,False,N >= 200 interactions and >= 30 students
Subject,Types of Data and Questionnaires,159,69,0.5220125786163522,0.34591194968553457,0.277418177537085,0.4121688425713849,0.6938807863031071,0.60041404908365,0.7668424456050025,0.6455703410138642,0.2242402055470353,user_id,1000,False,N >= 200 interactions and >= 30 students
Subject,"Types, Naming and Estimating",132,72,0.7196969696969697,0.26515151515151514,0.1796729244402985,0.3566029900332226,0.7817923186344239,0.682058383809866,0.8633516250303178,0.5138158409253454,0.17263283701571863,user_id,1000,False,N >= 200 interactions and >= 30 students
Subject,Upper and Lower Bounds,314,104,0.5573248407643312,0.267515923566879,0.21926682747007692,0.3147473262032085,0.7825693730729704,0.7162862837758526,0.8432770300938051,0.5579638274137161,0.18781453196389206,user_id,1000,True,N >= 200 interactions and >= 30 students
Subject,Vector Geometry,225,80,0.6444444444444445,0.27111111111111114,0.2032080235208897,0.341843447905478,0.7475862068965518,0.6514355754281128,0.8285169043616892,0.5573644184285502,0.19060715911153636,user_id,1000,True,N >= 200 interactions and >= 30 students
Subject,Venn Diagrams,288,102,0.5590277777777778,0.3194444444444444,0.24898690509715574,0.3961872384937238,0.7691103829412628,0.6851275385353708,0.8372324253364736,0.5662081421880898,0.1938456875355795,user_id,1000,True,N >= 200 interactions and >= 30 students
Subject,Volume and Capacity Units,211,126,0.6208530805687204,0.2796208530805687,0.2217368892873151,0.35361381507790346,0.8095419847328245,0.724498373036109,0.8704414513639986,0.5125805354237061,0.1727335600471452,user_id,1000,True,N >= 200 interactions and >= 30 students
Subject,Volume of Non-Prisms,170,89,0.6588235294117647,0.2529411764705882,0.1867971124620061,0.3288654319938833,0.7892549261083744,0.7140644065810321,0.8553399157509073,0.5172470263880439,0.171787705874736,user_id,1000,False,N >= 200 interactions and >= 30 students
Subject,Volume of Prisms,601,229,0.562396006655574,0.31281198003327787,0.2700699397718185,0.35552252685089036,0.7615137129615048,0.716632067194195,0.8051135218391234,0.5733033665512652,0.19646513553571873,user_id,1000,True,N >= 200 interactions and >= 30 students
Subject,Weight Units,111,80,0.6936936936936937,0.2882882882882883,0.19510501355013551,0.39091897233201583,0.8078686019862491,0.7098453155974602,0.8900069696713694,0.49674853985354084,0.1683668419638238,user_id,1000,False,N >= 200 interactions and >= 30 students
Subject,Writing Expressions,822,333,0.46715328467153283,0.2944038929440389,0.2622661819218705,0.3263164792715734,0.7603096461187214,0.7216463385156502,0.7952101805537309,0.5894699160175553,0.19967877080278626,user_id,1000,True,N >= 200 interactions and >= 30 students
Subject,Writing Formula,310,225,0.4838709677419355,0.34838709677419355,0.2954507321537523,0.4,0.6917916666666666,0.62898985943366,0.7492524414562963,0.622683203704724,0.21753960639678235,user_id,1000,True,N >= 200 interactions and >= 30 students
Subject,Writing Ratios,570,245,0.5929824561403508,0.3140350877192982,0.2762022063921242,0.3536389650867136,0.7168052438277902,0.6702939372665605,0.7580609843962955,0.60655406915725,0.21021691028740921,user_id,1000,True,N >= 200 interactions and >= 30 students
Subject,Writing and Simplifying Expressions-Others,64,34,0.890625,0.15625,0.047619047619047616,0.2857142857142857,0.8045112781954887,0.6225010036130069,0.9450288461538462,0.36118958959437314,0.1052653178295557,user_id,1000,False,N >= 200 interactions and >= 30 students
Subject,Written Addition,145,84,0.696551724137931,0.2413793103448276,0.1637271369914147,0.3255900086132644,0.7495499549954996,0.6267044065517663,0.849320652173913,0.5285573671091437,0.17350575976222146,user_id,1000,False,N >= 200 interactions and >= 30 students
Subject,Written Division,338,115,0.665680473372781,0.27218934911242604,0.21764650997467455,0.3323961953539418,0.7952802359882006,0.734171526463953,0.8487830652813685,0.5099715321617498,0.17165483450524902,user_id,1000,True,N >= 200 interactions and >= 30 students
Subject,Written Multiplication,281,107,0.7046263345195729,0.29537366548042704,0.23155188503172824,0.3642294681450855,0.7217354265547036,0.6458239793319999,0.7845448860689773,0.5470663181342792,0.1867550267543728,user_id,1000,True,N >= 200 interactions and >= 30 students
Subject,Written Subtraction,230,87,0.6347826086956522,0.2391304347826087,0.1874937749003984,0.2954573443797582,0.8150684931506849,0.7563681137696642,0.8624607839141593,0.5047229565330715,0.1683177770597641,user_id,1000,True,N >= 200 interactions and >= 30 students
Age,<=12,8235,674,0.6666666666666666,0.2573163327261688,0.24281634421992956,0.2722257993494067,0.7834599088921403,0.7680569207748695,0.796941373078685,0.5191272746445627,0.17343035927914294,user_id,1000,True,N >= 200 interactions and >= 30 students
Age,13–14,13503,1192,0.6003110419906688,0.2823816929571206,0.2715171363919693,0.29319056591236997,0.7733196966212141,0.7626465932272091,0.7842214245628372,0.5564666492101595,0.18817154665230937,user_id,1000,True,N >= 200 interactions and >= 30 students
Age,15–16,16017,1261,0.6004869825810076,0.2895049010426422,0.2799925105387536,0.29896592660835275,0.7718864856944565,0.7617868706540337,0.781293515696397,0.5573065682004348,0.1890305683174933,user_id,1000,True,N >= 200 interactions and >= 30 students
Age,17+,4731,364,0.5785246248150496,0.2997252166560981,0.28143611430211457,0.316261392820647,0.7551078518712879,0.7357250479917755,0.7730756818095913,0.5781322843092925,0.19764969076324368,user_id,1000,True,N >= 200 interactions and >= 30 students
Age,nan,20723,1680,0.6182985089031511,0.27727645611156687,0.26858244614461424,0.2866166505463395,0.780524027282263,0.7713164545415102,0.7897222699378029,0.5423188434390567,0.1831114421349349,user_id,1000,True,N >= 200 interactions and >= 30 students
Gender,0,13963,1128,0.6248657165365609,0.2803122538136504,0.2683612728331612,0.29162356953321733,0.7761910044626494,0.7638697792821605,0.7876446599082012,0.5436955183547761,0.18384324786266973,user_id,1000,True,N >= 200 interactions and >= 30 students
Gender,1,25336,2034,0.6154483738553836,0.2778654878433849,0.2699521859706572,0.28570291061699493,0.7777918840106204,0.7691802122003166,0.7854624982993272,0.5473431160665071,0.1846199376852255,user_id,1000,True,N >= 200 interactions and >= 30 students
Gender,2,23910,1947,0.6041823504809704,0.283521539104977,0.2756657018114156,0.2915551069286815,0.7744091105488724,0.7659445532843678,0.7822781166000992,0.5533196608973315,0.18745073639125878,user_id,1000,True,N >= 200 interactions and >= 30 students
Premium pupil,0.0,13995,939,0.5539835655591283,0.29860664523043945,0.2880544252413704,0.31046326822905007,0.7645272392619731,0.7511491212799936,0.7756496111219642,0.5721489482389185,0.19534910285177884,user_id,1000,True,N >= 200 interactions and >= 30 students
Premium pupil,1.0,5192,363,0.45724191063174113,0.31644838212634824,0.29981101650629677,0.33333486914854404,0.7285301255677935,0.7055870652399059,0.7499562410908363,0.598628258583633,0.20608640020369434,user_id,1000,True,N >= 200 interactions and >= 30 students
Premium pupil,nan,44022,3807,0.6505156512652764,0.2705692608241334,0.26426392962600165,0.27676203640962377,0.7739876727791097,0.7672563537915593,0.7806071689562478,0.5354976228779718,0.17996842110640365,user_id,1000,True,N >= 200 interactions and >= 30 students
