contrast,cluster,metric,delta,lower,upper,B_requested,B_valid,B_invalid,count_delta_le0,count_delta_ge0,p_two_sided,p_formula,minimum_p_resolution,uncertainty,estimator,model_lower,model_upper,comparator_lower,comparator_upper,scenario
scenario_history_cap_0,student,ROC_AUC,0.01213692410875511,-0.006301278112607686,0.031107288139525815,5000,5000,0,535,4465,0.21435712857428516,"min(1, 2*(min(count<=0,count>=0)+1)/(B_valid+1))",0.0003999200159968006,conditional on fixed fitted predictions; seed variability separate,paired cluster multiplicity weights,0.6068767142285308,0.6726126965026296,0.5953852969232573,0.6611207606781149,history_cap_0
scenario_history_cap_0,student,Log_Loss,-0.003159722880386129,-0.007366788287612181,0.0009289178282711219,5000,5000,0,4668,332,0.1331733653269346,"min(1, 2*(min(count<=0,count>=0)+1)/(B_valid+1))",0.0003999200159968006,conditional on fixed fitted predictions; seed variability separate,paired cluster multiplicity weights,0.5801560241713336,0.6294397691160524,0.5851233710275586,0.6312376551917142,history_cap_0
scenario_history_cap_0,student,Brier,-0.0013782498961896206,-0.0031278313417703735,0.0002976859085402951,5000,5000,0,4718,282,0.11317736452709458,"min(1, 2*(min(count<=0,count>=0)+1)/(B_valid+1))",0.0003999200159968006,conditional on fixed fitted predictions; seed variability separate,paired cluster multiplicity weights,0.1967983821617153,0.218949508519517,0.19879682411318897,0.22003895660157208,history_cap_0
scenario_history_cap_0,student,ECE15,0.008198827210046007,-0.012260083095997656,0.016028884579205503,5000,5000,0,928,4072,0.3715256948610278,"min(1, 2*(min(count<=0,count>=0)+1)/(B_valid+1))",0.0003999200159968006,conditional on fixed fitted predictions; seed variability separate,paired cluster multiplicity weights,0.028164259596813544,0.06953323732100493,0.023033836283450376,0.06371581257971823,history_cap_0
scenario_history_cap_1,student,ROC_AUC,0.002842697208894407,-0.012220806414741839,0.0182573860508307,5000,5000,0,1744,3256,0.6978604279144172,"min(1, 2*(min(count<=0,count>=0)+1)/(B_valid+1))",0.0003999200159968006,conditional on fixed fitted predictions; seed variability separate,paired cluster multiplicity weights,0.6247181366751728,0.6862222419526182,0.6218797466439352,0.6832553602398551,history_cap_1
scenario_history_cap_1,student,Log_Loss,-0.0014044694686581316,-0.007071721882739348,0.004232355686673279,5000,5000,0,3452,1548,0.6194761047790442,"min(1, 2*(min(count<=0,count>=0)+1)/(B_valid+1))",0.0003999200159968006,conditional on fixed fitted predictions; seed variability separate,paired cluster multiplicity weights,0.5719659470906635,0.6185787463635746,0.5730578990845258,0.6198656793492543,history_cap_1
scenario_history_cap_1,student,Brier,-0.0005308360548755553,-0.0029962873670960205,0.0019666030879587405,5000,5000,0,3322,1678,0.6714657068586283,"min(1, 2*(min(count<=0,count>=0)+1)/(B_valid+1))",0.0003999200159968006,conditional on fixed fitted predictions; seed variability separate,paired cluster multiplicity weights,0.19330121095959316,0.21429054580575868,0.19389822746832694,0.21469351780565699,history_cap_1
scenario_history_cap_1,student,ECE15,-0.0033102199592375155,-0.02209314660926832,0.017217192651210404,5000,5000,0,3091,1909,0.7638472305538893,"min(1, 2*(min(count<=0,count>=0)+1)/(B_valid+1))",0.0003999200159968006,conditional on fixed fitted predictions; seed variability separate,paired cluster multiplicity weights,0.021917102132413026,0.05750781452040148,0.023328952424233915,0.061889262399962244,history_cap_1
scenario_history_cap_10,student,ROC_AUC,0.009652788526028022,0.0024116804810181414,0.016963654735644675,5000,5000,0,23,4977,0.009598080383923215,"min(1, 2*(min(count<=0,count>=0)+1)/(B_valid+1))",0.0003999200159968006,conditional on fixed fitted predictions; seed variability separate,paired cluster multiplicity weights,0.6850069887734804,0.7406053259690983,0.6750773330276959,0.7310486526557531,history_cap_10
scenario_history_cap_10,student,Log_Loss,-0.006254541805914893,-0.010735136784286475,-0.001796982539042139,5000,5000,0,4985,15,0.00639872025594881,"min(1, 2*(min(count<=0,count>=0)+1)/(B_valid+1))",0.0003999200159968006,conditional on fixed fitted predictions; seed variability separate,paired cluster multiplicity weights,0.5399344861429888,0.5854455250380963,0.5458985237819705,0.5923007194089586,history_cap_10
scenario_history_cap_10,student,Brier,-0.0028322778418352623,-0.0047204319551828735,-0.0009824706069294204,5000,5000,0,4993,7,0.003199360127974405,"min(1, 2*(min(count<=0,count>=0)+1)/(B_valid+1))",0.0003999200159968006,conditional on fixed fitted predictions; seed variability separate,paired cluster multiplicity weights,0.18161447497572858,0.20120119187338686,0.18440060785847243,0.20421173713403062,history_cap_10
scenario_history_cap_10,student,ECE15,0.0003172381183305095,-0.01839827502771534,0.02062647145574054,5000,5000,0,2438,2562,0.9754049190161967,"min(1, 2*(min(count<=0,count>=0)+1)/(B_valid+1))",0.0003999200159968006,conditional on fixed fitted predictions; seed variability separate,paired cluster multiplicity weights,0.02782346033236795,0.06361124306127192,0.027732181420502846,0.06298185054937248,history_cap_10
scenario_history_cap_20,student,ROC_AUC,0.0022081205179796948,-0.00430227518077452,0.008821068206625923,5000,5000,0,1274,3726,0.5098980203959208,"min(1, 2*(min(count<=0,count>=0)+1)/(B_valid+1))",0.0003999200159968006,conditional on fixed fitted predictions; seed variability separate,paired cluster multiplicity weights,0.6990519489891038,0.7549817685946929,0.6966663403331798,0.7531633360369006,history_cap_20
scenario_history_cap_20,student,Log_Loss,-0.002282073787858274,-0.0065914783159269985,0.001880418787229035,5000,5000,0,4292,708,0.2835432913417317,"min(1, 2*(min(count<=0,count>=0)+1)/(B_valid+1))",0.0003999200159968006,conditional on fixed fitted predictions; seed variability separate,paired cluster multiplicity weights,0.5307575712442485,0.5768981868790952,0.5330285384320596,0.5794779288659413,history_cap_20
scenario_history_cap_20,student,Brier,-0.0009511211010652387,-0.0027731306365895575,0.0008302420450200735,5000,5000,0,4304,696,0.27874425114977003,"min(1, 2*(min(count<=0,count>=0)+1)/(B_valid+1))",0.0003999200159968006,conditional on fixed fitted predictions; seed variability separate,paired cluster multiplicity weights,0.17788231557867443,0.19765405963043467,0.17863994139733935,0.1985402924441452,history_cap_20
scenario_history_cap_20,student,ECE15,-0.0001731491827247529,-0.018571935170588603,0.020132198782189144,5000,5000,0,2339,2661,0.9358128374325135,"min(1, 2*(min(count<=0,count>=0)+1)/(B_valid+1))",0.0003999200159968006,conditional on fixed fitted predictions; seed variability separate,paired cluster multiplicity weights,0.026138334019274245,0.05983322221075328,0.02520598575016619,0.05999212280798617,history_cap_20
scenario_history_cap_5,student,ROC_AUC,0.01083939534643763,0.0024919739537079878,0.019725042314140736,5000,5000,0,26,4974,0.010797840431913617,"min(1, 2*(min(count<=0,count>=0)+1)/(B_valid+1))",0.0003999200159968006,conditional on fixed fitted predictions; seed variability separate,paired cluster multiplicity weights,0.6505036039996247,0.7087172937168139,0.6391488574474217,0.6988037313582723,history_cap_5
scenario_history_cap_5,student,Log_Loss,-0.005839051337572787,-0.010759241501194658,-0.0011287423554358403,5000,5000,0,4971,29,0.01199760047990402,"min(1, 2*(min(count<=0,count>=0)+1)/(B_valid+1))",0.0003999200159968006,conditional on fixed fitted predictions; seed variability separate,paired cluster multiplicity weights,0.5594960302971503,0.6040324212542285,0.5650100673693117,0.6106273058883196,history_cap_5
scenario_history_cap_5,student,Brier,-0.0025004488873565933,-0.004591532054980509,-0.0005087978440210111,5000,5000,0,4977,23,0.009598080383923215,"min(1, 2*(min(count<=0,count>=0)+1)/(B_valid+1))",0.0003999200159968006,conditional on fixed fitted predictions; seed variability separate,paired cluster multiplicity weights,0.18934938298287846,0.20888462039831215,0.19187313267748915,0.2115495169716573,history_cap_5
scenario_history_cap_5,student,ECE15,-0.0015148823989631008,-0.02106479062168244,0.01707614269826634,5000,5000,0,2930,2070,0.8282343531293741,"min(1, 2*(min(count<=0,count>=0)+1)/(B_valid+1))",0.0003999200159968006,conditional on fixed fitted predictions; seed variability separate,paired cluster multiplicity weights,0.03049599702452423,0.06830472820542349,0.03196259195592517,0.07080316860556927,history_cap_5
scenario_history_cap_50,student,ROC_AUC,0.003325078677191451,-0.0025284820487171205,0.009144248868472935,5000,5000,0,662,4338,0.26514697060587883,"min(1, 2*(min(count<=0,count>=0)+1)/(B_valid+1))",0.0003999200159968006,conditional on fixed fitted predictions; seed variability separate,paired cluster multiplicity weights,0.7021069057800026,0.7578835874960392,0.6984271728997286,0.7547155195985532,history_cap_50
scenario_history_cap_50,student,Log_Loss,-0.002753002987408548,-0.0069427192504975975,0.0013908550576353397,5000,5000,0,4491,509,0.20395920815836832,"min(1, 2*(min(count<=0,count>=0)+1)/(B_valid+1))",0.0003999200159968006,conditional on fixed fitted predictions; seed variability separate,paired cluster multiplicity weights,0.5275851318459188,0.5774510665202367,0.5304953786659282,0.5804130783448265,history_cap_50
scenario_history_cap_50,student,Brier,-0.0009489316499641798,-0.0026223522503578977,0.0007379151081478179,5000,5000,0,4314,686,0.27474505098980206,"min(1, 2*(min(count<=0,count>=0)+1)/(B_valid+1))",0.0003999200159968006,conditional on fixed fitted predictions; seed variability separate,paired cluster multiplicity weights,0.17675934671625293,0.19704554949508343,0.17749955164895162,0.19795573676747324,history_cap_50
scenario_history_cap_50,student,ECE15,0.001462457871324388,-0.02105828872969112,0.024112547098859405,5000,5000,0,2159,2841,0.8638272345530894,"min(1, 2*(min(count<=0,count>=0)+1)/(B_valid+1))",0.0003999200159968006,conditional on fixed fitted predictions; seed variability separate,paired cluster multiplicity weights,0.031086173294083832,0.06654261547819315,0.02900490519648693,0.06472401545113701,history_cap_50
scenario_learner_feedback,student,ROC_AUC,0.0027913208947711876,0.0021633702293684747,0.0034624911277109562,5000,5000,0,0,5000,0.0003999200159968006,"min(1, 2*(min(count<=0,count>=0)+1)/(B_valid+1))",0.0003999200159968006,conditional on fixed fitted predictions; seed variability separate,paired cluster multiplicity weights,0.7540427067544937,0.7710423067722109,0.7510782425138511,0.7685386222491228,learner_feedback
scenario_learner_feedback,student,Log_Loss,-0.001958210450753284,-0.00248207918401106,-0.0014488201787293906,5000,5000,0,5000,0,0.0003999200159968006,"min(1, 2*(min(count<=0,count>=0)+1)/(B_valid+1))",0.0003999200159968006,conditional on fixed fitted predictions; seed variability separate,paired cluster multiplicity weights,0.5347966761271999,0.5560605657172162,0.5366024900968019,0.5581768876882963,learner_feedback
scenario_learner_feedback,student,Brier,-0.000873359725584083,-0.0010877755472586451,-0.0006614572864366508,5000,5000,0,5000,0,0.0003999200159968006,"min(1, 2*(min(count<=0,count>=0)+1)/(B_valid+1))",0.0003999200159968006,conditional on fixed fitted predictions; seed variability separate,paired cluster multiplicity weights,0.18048493747746347,0.1888963434299822,0.18131084687738175,0.18979975685798722,learner_feedback
scenario_learner_feedback,student,ECE15,0.0019325288498165697,-0.000328500454939713,0.003330830155634089,5000,5000,0,249,4751,0.09998000399920016,"min(1, 2*(min(count<=0,count>=0)+1)/(B_valid+1))",0.0003999200159968006,conditional on fixed fitted predictions; seed variability separate,paired cluster multiplicity weights,0.006163182294686952,0.011044480861589136,0.004839944110243124,0.009309397515751923,learner_feedback
scenario_no_feedback,student,ROC_AUC,0.006141348064298224,0.0043630701934984474,0.008054627905076592,5000,5000,0,0,5000,0.0003999200159968006,"min(1, 2*(min(count<=0,count>=0)+1)/(B_valid+1))",0.0003999200159968006,conditional on fixed fitted predictions; seed variability separate,paired cluster multiplicity weights,0.6637690617008626,0.6888246991087964,0.6572303273283331,0.6828932561214673,no_feedback
scenario_no_feedback,student,Log_Loss,-0.0024214956779123886,-0.0034367255860619393,-0.0014075294535771284,5000,5000,0,5000,0,0.0003999200159968006,"min(1, 2*(min(count<=0,count>=0)+1)/(B_valid+1))",0.0003999200159968006,conditional on fixed fitted predictions; seed variability separate,paired cluster multiplicity weights,0.5940249853244061,0.6191329797139618,0.5964072745142712,0.6216120753374087,no_feedback
scenario_no_feedback,student,Brier,-0.0009797867266524707,-0.0013721016278713098,-0.000607886292866975,5000,5000,0,5000,0,0.0003999200159968006,"min(1, 2*(min(count<=0,count>=0)+1)/(B_valid+1))",0.0003999200159968006,conditional on fixed fitted predictions; seed variability separate,paired cluster multiplicity weights,0.2042413855873345,0.21487665183528482,0.2052014110683023,0.21584078238996793,no_feedback
scenario_no_feedback,student,ECE15,0.001223194132600941,-0.00040445385877119016,0.003199945668684038,5000,5000,0,277,4723,0.11117776444711058,"min(1, 2*(min(count<=0,count>=0)+1)/(B_valid+1))",0.0003999200159968006,conditional on fixed fitted predictions; seed variability separate,paired cluster multiplicity weights,0.029969629254128632,0.049052110234063334,0.028523867538203927,0.04747889397089412,no_feedback
scenario_outcome_free,student,ROC_AUC,0.006848061309068676,0.00487901429497131,0.008914815281050311,5000,5000,0,0,5000,0.0003999200159968006,"min(1, 2*(min(count<=0,count>=0)+1)/(B_valid+1))",0.0003999200159968006,conditional on fixed fitted predictions; seed variability separate,paired cluster multiplicity weights,0.6632010138672433,0.6880937760365391,0.6558317231247071,0.6815422806961955,outcome_free
scenario_outcome_free,student,Log_Loss,-0.0026335238225909663,-0.003701217857141456,-0.0015688966679517724,5000,5000,0,5000,0,0.0003999200159968006,"min(1, 2*(min(count<=0,count>=0)+1)/(B_valid+1))",0.0003999200159968006,conditional on fixed fitted predictions; seed variability separate,paired cluster multiplicity weights,0.5930358621823392,0.6174387814393474,0.595677370107102,0.6201980340367768,outcome_free
scenario_outcome_free,student,Brier,-0.0010205745347988127,-0.0014252000841807396,-0.0006181560263491509,5000,5000,0,5000,0,0.0003999200159968006,"min(1, 2*(min(count<=0,count>=0)+1)/(B_valid+1))",0.0003999200159968006,conditional on fixed fitted predictions; seed variability separate,paired cluster multiplicity weights,0.2038450755586567,0.21423648016817565,0.20490491601767363,0.2152097103923581,outcome_free
scenario_outcome_free,student,ECE15,0.0015764144612405925,-1.332236825316834e-05,0.0038621280585831056,5000,5000,0,134,4866,0.05398920215956809,"min(1, 2*(min(count<=0,count>=0)+1)/(B_valid+1))",0.0003999200159968006,conditional on fixed fitted predictions; seed variability separate,paired cluster multiplicity weights,0.024081854643966814,0.04282498116976565,0.02236445050772516,0.04075906375518689,outcome_free
