model,scenario,prediction_kind,weighting,N,students,questions,prevalence,ROC_AUC,AP_correct,AP_incorrect,Log_Loss,Brier,ECE15,Calibration_Intercept,Calibration_Slope,Accuracy,NA_reason
Ablation_no_question,global_calendar_learner_feedback,mean_temporal_outer_probabilities,interaction,143565,1663,21242,0.6474837181764358,0.7595930516357572,0.8511631655973778,0.6059033659058592,0.5479490893743186,0.1857416231210178,0.0046682850569057,-0.0171708492224511,1.0142670771350073,0.7171803712602043,
Ablation_no_question,global_calendar_learner_feedback,mean_temporal_outer_probabilities,equal_student,143565,1663,21242,0.6474837181764358,0.7365464080212987,0.8404472994317568,0.5688597424888937,0.5587108962223368,0.1897310361581246,0.0048552932972483,0.0125025856936589,0.9790577804386824,0.7100251160712764,
Ablation_no_subject,global_calendar_learner_feedback,mean_temporal_outer_probabilities,interaction,143565,1663,21242,0.6474837181764358,0.7640863153145949,0.8543455390297721,0.6109112138219279,0.5443930191751074,0.184276144677673,0.0066434081056063,-0.0190877816641647,1.0293887187715935,0.7195207745618425,
Ablation_no_subject,global_calendar_learner_feedback,mean_temporal_outer_probabilities,equal_student,143565,1663,21242,0.6474837181764358,0.7420144072747727,0.8441406812826897,0.576116531098233,0.5547827411533626,0.188107355397089,0.0053626269754478,0.0066939318253305,0.9981774334168978,0.7127653073405587,
AdaptiveMath-AI,global_calendar_learner_feedback,mean_temporal_outer_probabilities,interaction,143565,1663,21242,0.6474837181764358,0.7641311173175793,0.8543730028094478,0.6109370872946555,0.5443652401196317,0.1842623386037043,0.0065869946965653,-0.0190323088328036,1.0299693665400431,0.7194929126177754,
AdaptiveMath-AI,global_calendar_learner_feedback,mean_temporal_outer_probabilities,equal_student,143565,1663,21242,0.6474837181764358,0.7420252489026206,0.8442016602511059,0.5759894474498155,0.5547836731426957,0.1881154989847213,0.0047427470829412,0.0069737138761735,0.9985641236337104,0.712628939126281,
Converged_item_intercept,global_calendar_learner_feedback,mean_temporal_outer_probabilities,interaction,143565,1663,21242,0.6474837181764358,0.764294018928359,0.8544828627635735,0.6111285470323989,0.5442649713456937,0.1842232619644904,0.0074807109748746,-0.0285736769716875,1.03528566945343,0.719534705533876,
Converged_item_intercept,global_calendar_learner_feedback,mean_temporal_outer_probabilities,equal_student,143565,1663,21242,0.6474837181764358,0.7421575003438278,0.8442745694464318,0.5763482848966321,0.5546760834420938,0.1880698459377117,0.0041468845738486,-0.0013168727487109,1.002728394667776,0.7131118183360481,
HGB100,global_calendar_learner_feedback,mean_temporal_outer_probabilities,interaction,143565,1663,21242,0.6474837181764358,0.7599490189998656,0.8516796101799723,0.6055575871423174,0.5475526411419628,0.1856360143706241,0.0051652436511477,-0.0115885778655703,1.0095220293857037,0.717347542924607,
HGB100,global_calendar_learner_feedback,mean_temporal_outer_probabilities,equal_student,143565,1663,21242,0.6474837181764358,0.73725551693453,0.8409812381599945,0.5691093921681735,0.5582743705657502,0.1895511188120814,0.004956104522843,0.018392763204885,0.9743820268930284,0.7116716556777121,
HGB80,global_calendar_learner_feedback,mean_temporal_outer_probabilities,interaction,143565,1663,21242,0.6474837181764358,0.7601640521190307,0.8517788197230892,0.605928053156558,0.5474158673872095,0.1855732317814782,0.0056729193380457,-0.0263273145288911,1.0192534320939015,0.7172082332042715,
HGB80,global_calendar_learner_feedback,mean_temporal_outer_probabilities,equal_student,143565,1663,21242,0.6474837181764358,0.7375502880527968,0.8412725971631465,0.5696643090187277,0.558007107270847,0.1894545703356332,0.0042032632078681,0.0038622852078597,0.9842584219988674,0.7115158083954717,
HGB80_anchor,global_calendar_learner_feedback,mean_temporal_outer_probabilities,interaction,143565,1663,21242,0.6474837181764358,0.7595864995923206,0.8511692708371048,0.605712548479,0.5479769797754599,0.1857546239719666,0.0056519209184408,-0.0249189680956696,1.020093258469889,0.7168042350152982,
HGB80_anchor,global_calendar_learner_feedback,mean_temporal_outer_probabilities,equal_student,143565,1663,21242,0.6474837181764358,0.7367903924401371,0.8406024450270373,0.5696184425737766,0.5584894447358734,0.1896372917279503,0.0046516405914121,0.0063440121903021,0.9847633491334556,0.7107210804127471,
No_calibration,global_calendar_learner_feedback,mean_temporal_outer_probabilities,interaction,143565,1663,21242,0.6474837181764358,0.7642198955027053,0.8544195989841351,0.6111463245565362,0.5443161827999897,0.1842444377972318,0.0075083310270497,-0.029843908613051,1.0336437136418208,0.7196113258800606,
No_calibration,global_calendar_learner_feedback,mean_temporal_outer_probabilities,equal_student,143565,1663,21242,0.6474837181764358,0.7421228559855139,0.8442269572838699,0.5763778740967581,0.5546996504722862,0.1880759959479206,0.0043628690767173,-0.0020160945062889,1.0014269146858643,0.7130046232319547,
Plus_hierarchy,global_calendar_learner_feedback,mean_temporal_outer_probabilities,interaction,143565,1663,21242,0.6474837181764358,0.7642198955027053,0.8544195989841351,0.6111463245565362,0.5443161827999897,0.1842444377972318,0.0075083310270497,-0.029843908613051,1.0336437136418208,0.7196113258800606,
Plus_hierarchy,global_calendar_learner_feedback,mean_temporal_outer_probabilities,equal_student,143565,1663,21242,0.6474837181764358,0.7421228559855139,0.8442269572838699,0.5763778740967581,0.5546996504722862,0.1880759959479206,0.0043628690767173,-0.0020160945062889,1.0014269146858643,0.7130046232319547,
Plus_question_memory,global_calendar_learner_feedback,mean_temporal_outer_probabilities,interaction,143565,1663,21242,0.6474837181764358,0.7642968029117772,0.8544839399765467,0.6111356362631334,0.5442622460379509,0.1842217838621183,0.0075064701115121,-0.0283066010949684,1.035395933077346,0.7195138090758257,
Plus_question_memory,global_calendar_learner_feedback,mean_temporal_outer_probabilities,equal_student,143565,1663,21242,0.6474837181764358,0.7421662249685403,0.8442777932685845,0.576361748118958,0.5546697515583696,0.1880667695002498,0.0041158728862397,-0.0010819186117074,1.002883727437161,0.7130873493775757,
AdaptiveMath-AI,history_cap_0,mean_frozen_object_probabilities,interaction,1336,1336,1197,0.6811377245508982,0.6396855491925907,0.7762542702333421,0.45632986514755813,0.6047687490818396,0.20791627401780324,0.0445077562462093,-0.5342885033136436,1.3623984082528517,0.687125748502995,
AdaptiveMath-AI,history_cap_0,mean_frozen_object_probabilities,equal_student,1336,1336,1197,0.6811377245508982,0.6396855491925907,0.7762542702333421,0.45632986514755813,0.6047687490818396,0.20791627401780324,0.0445077562462093,-0.5342885033136436,1.3623984082528517,0.687125748502995,
HGB100,history_cap_0,mean_frozen_object_probabilities,interaction,1336,1336,1197,0.6811377245508982,0.6275486250838357,0.7667927817888588,0.44696551917877697,0.607928471962224,0.2092945239139935,0.03630892903616328,-0.6456603672922151,1.5633918388359949,0.684880239520959,
HGB100,history_cap_0,mean_frozen_object_probabilities,equal_student,1336,1336,1197,0.6811377245508982,0.6275486250838357,0.7667927817888588,0.44696551917877697,0.607928471962224,0.2092945239139935,0.03630892903616328,-0.6456603672922151,1.5633918388359949,0.684880239520959,
HGB80,history_cap_0,mean_frozen_object_probabilities,interaction,1336,1336,1197,0.6811377245508982,0.6282412423257488,0.7660142428401445,0.44670367811968004,0.6076234730242972,0.20915367387364275,0.03442400550628839,-0.6171166889846824,1.5413506166805269,0.684131736526947,
HGB80,history_cap_0,mean_frozen_object_probabilities,equal_student,1336,1336,1197,0.6811377245508982,0.6282412423257488,0.7660142428401445,0.44670367811968004,0.6076234730242972,0.20915367387364275,0.03442400550628839,-0.6171166889846824,1.5413506166805269,0.684131736526947,
AdaptiveMath-AI,history_cap_1,mean_frozen_object_probabilities,interaction,1336,1336,1197,0.6811377245508982,0.6551939844193359,0.7869020930754738,0.46574165047612626,0.5950210507049722,0.20374291518070375,0.02707000047878882,-0.06591795688813322,1.0152053995438781,0.6953592814371268,
AdaptiveMath-AI,history_cap_1,mean_frozen_object_probabilities,equal_student,1336,1336,1197,0.6811377245508982,0.6551939844193359,0.7869020930754738,0.46574165047612626,0.5950210507049722,0.20374291518070375,0.02707000047878882,-0.06591795688813322,1.0152053995438781,0.6953592814371268,
HGB100,history_cap_1,mean_frozen_object_probabilities,interaction,1336,1336,1197,0.6811377245508982,0.6523512872104416,0.7842249821407923,0.46849649739914956,0.5964255201736297,0.20427375123557973,0.030380220438026365,-0.25681489468568625,1.1871550218293396,0.6931137724550909,
HGB100,history_cap_1,mean_frozen_object_probabilities,equal_student,1336,1336,1197,0.6811377245508982,0.6523512872104416,0.7842249821407923,0.46849649739914956,0.5964255201736297,0.20427375123557973,0.030380220438026365,-0.25681489468568625,1.1871550218293396,0.6931137724550909,
HGB80,history_cap_1,mean_frozen_object_probabilities,interaction,1336,1336,1197,0.6811377245508982,0.6546251870195527,0.7859209311233437,0.472917132514403,0.5954862684452464,0.20386011908079318,0.03375258331254487,-0.2860947424379766,1.2267844517531497,0.6953592814371268,
HGB80,history_cap_1,mean_frozen_object_probabilities,equal_student,1336,1336,1197,0.6811377245508982,0.6546251870195527,0.7859209311233437,0.472917132514403,0.5954862684452464,0.20386011908079318,0.03375258331254487,-0.2860947424379766,1.2267844517531497,0.6953592814371268,
AdaptiveMath-AI,history_cap_10,mean_frozen_object_probabilities,interaction,1336,1336,1197,0.6811377245508982,0.7128746840014442,0.8397469764112615,0.5238576159014624,0.5623098404657815,0.1912727087238177,0.03333477724908415,0.05956880487268857,1.0216045060239465,0.7050898203592826,
AdaptiveMath-AI,history_cap_10,mean_frozen_object_probabilities,equal_student,1336,1336,1197,0.6811377245508982,0.7128746840014442,0.8397469764112615,0.5238576159014624,0.5623098404657815,0.1912727087238177,0.03333477724908415,0.05956880487268857,1.0216045060239465,0.7050898203592826,
HGB100,history_cap_10,mean_frozen_object_probabilities,interaction,1336,1336,1197,0.6811377245508982,0.7032218954754162,0.8327623551895625,0.5054856855464999,0.5685643822716944,0.1941049865656528,0.033017539130753636,0.11292820158904981,0.9356457143077072,0.6908682634730549,
HGB100,history_cap_10,mean_frozen_object_probabilities,equal_student,1336,1336,1197,0.6811377245508982,0.7032218954754162,0.8327623551895625,0.5054856855464999,0.5685643822716944,0.1941049865656528,0.033017539130753636,0.11292820158904981,0.9356457143077072,0.6908682634730549,
HGB80,history_cap_10,mean_frozen_object_probabilities,interaction,1336,1336,1197,0.6811377245508982,0.7027691791776295,0.8326609698003216,0.5030063340637762,0.5688951995799634,0.1942698409951397,0.028332143859763608,0.10891325503713503,0.9380410144177448,0.6916167664670668,
HGB80,history_cap_10,mean_frozen_object_probabilities,equal_student,1336,1336,1197,0.6811377245508982,0.7027691791776295,0.8326609698003216,0.5030063340637762,0.5688951995799634,0.1942698409951397,0.028332143859763608,0.10891325503713503,0.9380410144177448,0.6916167664670668,
AdaptiveMath-AI,history_cap_20,mean_frozen_object_probabilities,interaction,1336,1336,1197,0.6811377245508982,0.7273977196512404,0.8501127527169543,0.5475711133692356,0.5529433577591663,0.18738140959161023,0.027485843226539245,0.03422149360476653,1.0431521763777787,0.7155688622754504,
AdaptiveMath-AI,history_cap_20,mean_frozen_object_probabilities,equal_student,1336,1336,1197,0.6811377245508982,0.7273977196512404,0.8501127527169543,0.5475711133692356,0.5529433577591663,0.18738140959161023,0.027485843226539245,0.03422149360476653,1.0431521763777787,0.7155688622754504,
HGB100,history_cap_20,mean_frozen_object_probabilities,interaction,1336,1336,1197,0.6811377245508982,0.7251895991332606,0.8479621712600983,0.5354259918265797,0.5552254315470246,0.18833253069267575,0.027658992409263995,0.06069953726354796,1.0093736594885019,0.7193113772455102,
HGB100,history_cap_20,mean_frozen_object_probabilities,equal_student,1336,1336,1197,0.6811377245508982,0.7251895991332606,0.8479621712600983,0.5354259918265797,0.5552254315470246,0.18833253069267575,0.027658992409263995,0.06069953726354796,1.0093736594885019,0.7193113772455102,
HGB80,history_cap_20,mean_frozen_object_probabilities,interaction,1336,1336,1197,0.6811377245508982,0.7259634731465713,0.8482735995762918,0.5380021364347344,0.5545827989496043,0.1880363513345449,0.03455679823601062,0.05733096582718345,1.0198751189992628,0.7193113772455102,
HGB80,history_cap_20,mean_frozen_object_probabilities,equal_student,1336,1336,1197,0.6811377245508982,0.7259634731465713,0.8482735995762918,0.5380021364347344,0.5545827989496043,0.1880363513345449,0.03455679823601062,0.05733096582718345,1.0198751189992628,0.7193113772455102,
AdaptiveMath-AI,history_cap_5,mean_frozen_object_probabilities,interaction,1336,1336,1197,0.6811377245508982,0.6797038642109059,0.8160883467311664,0.48921103849720954,0.5819396455011807,0.19916717893538546,0.039444979029859384,0.16228892467838432,0.889767137968048,0.6961077844311387,
AdaptiveMath-AI,history_cap_5,mean_frozen_object_probabilities,equal_student,1336,1336,1197,0.6811377245508982,0.6797038642109059,0.8160883467311664,0.48921103849720954,0.5819396455011807,0.19916717893538546,0.039444979029859384,0.16228892467838432,0.889767137968048,0.6961077844311387,
HGB100,history_cap_5,mean_frozen_object_probabilities,interaction,1336,1336,1197,0.6811377245508982,0.6688644688644683,0.8085089745609166,0.46910527551345815,0.5877786968387542,0.201667627822742,0.0409598614288225,0.1837417132139561,0.8359399952407124,0.6878742514970069,
HGB100,history_cap_5,mean_frozen_object_probabilities,equal_student,1336,1336,1197,0.6811377245508982,0.6688644688644683,0.8085089745609166,0.46910527551345815,0.5877786968387542,0.201667627822742,0.0409598614288225,0.1837417132139561,0.8359399952407124,0.6878742514970069,
HGB80,history_cap_5,mean_frozen_object_probabilities,interaction,1336,1336,1197,0.6811377245508982,0.669127586028994,0.8082823872311252,0.47154641202942826,0.5872323610712904,0.20137521363324482,0.03240095547265002,0.17624514773960717,0.8482648015398093,0.6901197604790429,
HGB80,history_cap_5,mean_frozen_object_probabilities,equal_student,1336,1336,1197,0.6811377245508982,0.669127586028994,0.8082823872311252,0.47154641202942826,0.5872323610712904,0.20137521363324482,0.03240095547265002,0.17624514773960717,0.8482648015398093,0.6901197604790429,
AdaptiveMath-AI,history_cap_50,mean_frozen_object_probabilities,interaction,1336,1336,1197,0.6811377245508982,0.7309614094825357,0.8473074860066298,0.5498832529491191,0.5517562920973937,0.18651516343051178,0.03717940210231614,0.10042009633990369,0.9407960499593234,0.7140718562874262,
AdaptiveMath-AI,history_cap_50,mean_frozen_object_probabilities,equal_student,1336,1336,1197,0.6811377245508982,0.7309614094825357,0.8473074860066298,0.5498832529491191,0.5517562920973937,0.18651516343051178,0.03717940210231614,0.10042009633990369,0.9407960499593234,0.7140718562874262,
HGB100,history_cap_50,mean_frozen_object_probabilities,interaction,1336,1336,1197,0.6811377245508982,0.7276363308053444,0.8442262199416193,0.542359322774275,0.5545092950848023,0.18746409508047585,0.03571694423099177,0.11514282152712572,0.9258399275485338,0.7170658682634742,
HGB100,history_cap_50,mean_frozen_object_probabilities,equal_student,1336,1336,1197,0.6811377245508982,0.7276363308053444,0.8442262199416193,0.542359322774275,0.5545092950848023,0.18746409508047585,0.03571694423099177,0.11514282152712572,0.9258399275485338,0.7170658682634742,
HGB80,history_cap_50,mean_frozen_object_probabilities,interaction,1336,1336,1197,0.6811377245508982,0.7287352319042455,0.8449685356867457,0.5448066122435689,0.5536790347247893,0.18710955534731447,0.03039547239044211,0.11031579034660571,0.9365909416688256,0.7170658682634743,
HGB80,history_cap_50,mean_frozen_object_probabilities,equal_student,1336,1336,1197,0.6811377245508982,0.7287352319042455,0.8449685356867457,0.5448066122435689,0.5536790347247893,0.18710955534731447,0.03039547239044211,0.11031579034660571,0.9365909416688256,0.7170658682634743,
AdaptiveMath-AI,learner_feedback,mean_frozen_object_probabilities,interaction,143565,1663,21242,0.6474837181764358,0.7628335998317952,0.8534958906075427,0.6084417803356643,0.545591393986053,0.1847455906692058,0.008018599687413787,-0.033189886477548836,1.0249076255975411,0.7180231950682348,
AdaptiveMath-AI,learner_feedback,mean_frozen_object_probabilities,equal_student,143565,1663,21242,0.6474837181764358,0.7405330370317533,0.8431880416490036,0.5737784645127595,0.5559513664386297,0.1885799140427126,0.006850872978054358,-0.006382001293501157,0.9954747561153257,0.7115640039718112,
HGB100,learner_feedback,mean_frozen_object_probabilities,interaction,143565,1663,21242,0.6474837181764358,0.7600422789370249,0.8517683368384037,0.6064947055411557,0.5475496044368009,0.18561895039478962,0.006086070837597206,-0.029342825374448323,1.0176474195387974,0.7175565075051105,
HGB100,learner_feedback,mean_frozen_object_probabilities,equal_student,143565,1663,21242,0.6474837181764358,0.7375217522508045,0.8413694465732082,0.5700157713002045,0.5579889132520907,0.18945840159502234,0.004929142122708696,0.001372724991096819,0.9831862387829086,0.7114054020281597,
HGB80,learner_feedback,mean_frozen_object_probabilities,interaction,143565,1663,21242,0.6474837181764358,0.7600481720243191,0.8517744704374832,0.6066409301859826,0.5475430028922016,0.1856097920697043,0.0062411342958609214,-0.031136674225199713,1.0231835930958726,0.7176818862534126,
HGB80,learner_feedback,mean_frozen_object_probabilities,equal_student,143565,1663,21242,0.6474837181764358,0.7373770930446002,0.8413169648436247,0.5700968571032433,0.5580504684173467,0.18948972949616855,0.005144693002703579,-0.0006635370743150934,0.988257242094935,0.7116085380945051,
AdaptiveMath-AI,no_feedback,mean_frozen_object_probabilities,interaction,143565,1663,21242,0.6474837181764358,0.6761792292896054,0.7877099072916782,0.5227150354060923,0.6067162696767217,0.2095853425080811,0.03876488384888841,-0.04627367536862017,0.8293938852148534,0.6747535959319971,
AdaptiveMath-AI,no_feedback,mean_frozen_object_probabilities,equal_student,143565,1663,21242,0.6474837181764358,0.6600397054105024,0.7830303183627876,0.4961323112853845,0.6061019325262389,0.20882088328827708,0.03574659290529073,0.04927619594161748,0.7800428288612736,0.6791046819331372,
HGB100,no_feedback,mean_frozen_object_probabilities,interaction,143565,1663,21242,0.6474837181764358,0.6700378812253085,0.7830507903624682,0.5169773246804797,0.6091377653546508,0.2105651292347347,0.03754168971628808,-0.0299832810828348,0.8189280109954394,0.6737923588616814,
HGB100,no_feedback,mean_frozen_object_probabilities,equal_student,143565,1663,21242,0.6474837181764358,0.6548236152349773,0.7792376052584262,0.49018063157263503,0.6081277220902324,0.20964079257362941,0.03565300583905196,0.06580041334728938,0.7703963260845493,0.6782875642212972,
HGB80,no_feedback,mean_frozen_object_probabilities,interaction,143565,1663,21242,0.6474837181764358,0.6700715057378696,0.7829431312255747,0.517556520583037,0.6088178406090594,0.21045450973722413,0.03606752808134646,-0.030388263180934592,0.8247901206388691,0.6734510500468592,
HGB80,no_feedback,mean_frozen_object_probabilities,equal_student,143565,1663,21242,0.6474837181764358,0.654893229949714,0.7792178999581134,0.4905375368562863,0.6078418782481354,0.20954817919043783,0.034561034453402896,0.06506161642949103,0.7758389637142272,0.6778797492285388,
AdaptiveMath-AI,outcome_free,mean_frozen_object_probabilities,interaction,143565,1663,21242,0.6474837181764358,0.6755194786799825,0.7869293845732497,0.5227862352441848,0.6054347934787445,0.20905325959504473,0.032913810053987164,-0.02245817793608076,0.8363906734104417,0.6751227666908864,
AdaptiveMath-AI,outcome_free,mean_frozen_object_probabilities,equal_student,143565,1663,21242,0.6474837181764358,0.6599266954550946,0.7824728929220737,0.4968969521423132,0.6049259702609977,0.20832555928370577,0.030381401563543676,0.06867139078346386,0.7891029450109708,0.6796567834573618,
HGB100,outcome_free,mean_frozen_object_probabilities,interaction,143565,1663,21242,0.6474837181764358,0.6686714173709136,0.7817804404429652,0.5168236663172977,0.6080683173013393,0.21007383412984082,0.03133739559274649,0.007088473151558626,0.8169641916844019,0.6736530491413459,
HGB100,outcome_free,mean_frozen_object_probabilities,equal_student,143565,1663,21242,0.6474837181764358,0.6545263724157022,0.7786513222387027,0.4910380253999772,0.6071822897567098,0.20922004126334365,0.029611055254004124,0.09938900190492471,0.7709655783035795,0.6780923571987547,
HGB80,outcome_free,mean_frozen_object_probabilities,interaction,143565,1663,21242,0.6474837181764358,0.6681134133095817,0.7813580625585768,0.5168765671539537,0.6080165202063021,0.21008412847678126,0.030288725646754666,0.005620061149274562,0.8228666794806044,0.6733256712985571,
HGB80,outcome_free,mean_frozen_object_probabilities,equal_student,143565,1663,21242,0.6474837181764358,0.6540404063976645,0.7783109008671667,0.4909819518582832,0.6071049492287179,0.20921728878487447,0.02889018767522053,0.09742483021532446,0.7769050162092194,0.6779616188366946,
