scenario,model,seed,N,design,ROC_AUC,AP_correct,AP_incorrect,Log_Loss,Brier,ECE15,Calibration_Intercept,Calibration_Slope,Accuracy,NA_reason
without_SVD,Ablation_no_question,20260713,143565,one factor; fixed primary-selected hyperparameters; separately refitted pipeline,0.7597586362608688,0.8512884339545721,0.605006501285344,0.5480897757004948,0.18575705107778728,0.008301963895658316,-0.04352631791517892,1.0135803501298246,0.716525615574627,
without_SVD,Ablation_no_subject,20260713,143565,one factor; fixed primary-selected hyperparameters; separately refitted pipeline,0.7628722746054877,0.8534421156930726,0.6087107028688817,0.5455854922322596,0.18472714081176927,0.007827562292112143,-0.038291113935464825,1.0229608295558796,0.7185525720055099,
without_SVD,AdaptiveMath-AI,20260713,143565,one factor; fixed primary-selected hyperparameters; separately refitted pipeline,0.7629776586979673,0.8535368318047836,0.6087152466877307,0.5454850376123894,0.18468280979685536,0.007363253494934475,-0.0331393355761606,1.0258667422432528,0.7186431233237282,
without_SVD,Converged_item_intercept,20260713,143565,one factor; fixed primary-selected hyperparameters; separately refitted pipeline,0.7629823094403669,0.8535924694148571,0.6086089106670949,0.5454623933589455,0.18467282785934777,0.006802857300965789,-0.022941217048647607,1.0301428159104251,0.718677950753812,
without_SVD,HGB100,20260713,143565,one factor; fixed primary-selected hyperparameters; separately refitted pipeline,0.7597613846393985,0.8513466567305152,0.6060211442916261,0.5477999124615485,0.18569720367910722,0.005746203372724611,-0.02526416901233919,1.009586381245561,0.7168460279313988,
without_SVD,HGB80,20260713,143565,one factor; fixed primary-selected hyperparameters; separately refitted pipeline,0.7597885741263806,0.8514205197761016,0.6062212546423683,0.5477772754209401,0.1856877406935512,0.005530661696462583,-0.027109270720642304,1.0150269826321399,0.7169853376517344,
without_SVD,HGB80_anchor,20260713,143565,one factor; fixed primary-selected hyperparameters; separately refitted pipeline,0.7593128395703052,0.8509822109623778,0.6046845588711907,0.5483233994451424,0.1858435573383099,0.004556806946958993,-0.010388429109030943,1.017069754880219,0.7165047191165766,
without_SVD,No_calibration,20260713,143565,one factor; fixed primary-selected hyperparameters; separately refitted pipeline,0.7629776586979673,0.8535368318047836,0.6087152466877307,0.5454850376123894,0.18468280979685536,0.007363253494934475,-0.0331393355761606,1.0258667422432528,0.7186431233237282,
without_SVD,Plus_hierarchy,20260713,143565,one factor; fixed primary-selected hyperparameters; separately refitted pipeline,0.7629776586979673,0.8535368318047836,0.6087152466877307,0.5454850376123894,0.18468280979685536,0.007363253494934475,-0.0331393355761606,1.0258667422432528,0.7186431233237282,
without_SVD,Plus_question_memory,20260713,143565,one factor; fixed primary-selected hyperparameters; separately refitted pipeline,0.7629831684215835,0.8535912618128634,0.6086085888394301,0.5454618623584538,0.1846721706277171,0.006750520553888833,-0.022759016602216332,1.0301698591803887,0.7186849162398288,
first_y_EWM,Ablation_no_question,20260713,143565,one factor; fixed primary-selected hyperparameters; separately refitted pipeline,0.7593135491172744,0.8511627715982291,0.6041493149332307,0.5484795179581553,0.18592957491936443,0.007886333902031578,-0.04336650645279024,1.0145018657959266,0.7166649252949626,
first_y_EWM,Ablation_no_subject,20260713,143565,one factor; fixed primary-selected hyperparameters; separately refitted pipeline,0.7623917264810763,0.8532652534277916,0.6080825385824923,0.5459895348307486,0.18490120114394387,0.007353544173442247,-0.03692688110897228,1.0235994422557808,0.718176435760604,
first_y_EWM,AdaptiveMath-AI,20260713,143565,one factor; fixed primary-selected hyperparameters; separately refitted pipeline,0.7625144270907105,0.8533686431611596,0.6081042425748824,0.5458781008009855,0.18485256351249685,0.0071371469747647,-0.031873823591884703,1.0265845605879316,0.7181625047885704,
first_y_EWM,Converged_item_intercept,20260713,143565,one factor; fixed primary-selected hyperparameters; separately refitted pipeline,0.7624867948277144,0.8533872674810378,0.608029458827276,0.5458796301298354,0.18485017128185668,0.006633828621335372,-0.02096512035046084,1.0308617908623179,0.7180510570123018,
first_y_EWM,HGB100,20260713,143565,one factor; fixed primary-selected hyperparameters; separately refitted pipeline,0.7595557242148085,0.8513265602186955,0.6065848810606272,0.5479543396416614,0.18575584553955454,0.004881645218938282,-0.026496239755905756,1.013359323874387,0.7165465120326773,
first_y_EWM,HGB80,20260713,143565,one factor; fixed primary-selected hyperparameters; separately refitted pipeline,0.7596199593658468,0.8514083346691002,0.6065049267284787,0.5479181971018319,0.18573883765085633,0.005023577560755428,-0.02900198631282925,1.0195558654567456,0.7163584439102243,
first_y_EWM,HGB80_anchor,20260713,143565,one factor; fixed primary-selected hyperparameters; separately refitted pipeline,0.7587768927904406,0.8507779692108913,0.6039064958634665,0.5487771116965181,0.18603851829063897,0.004276005067513532,-0.008355800241686886,1.017709515260652,0.7160728589835363,
first_y_EWM,No_calibration,20260713,143565,one factor; fixed primary-selected hyperparameters; separately refitted pipeline,0.7625144270907105,0.8533686431611596,0.6081042425748824,0.5458781008009855,0.18485256351249685,0.0071371469747647,-0.031873823591884703,1.0265845605879316,0.7181625047885704,
first_y_EWM,Plus_hierarchy,20260713,143565,one factor; fixed primary-selected hyperparameters; separately refitted pipeline,0.7625144270907105,0.8533686431611596,0.6081042425748824,0.5458781008009855,0.18485256351249685,0.0071371469747647,-0.031873823591884703,1.0265845605879316,0.7181625047885704,
first_y_EWM,Plus_question_memory,20260713,143565,one factor; fixed primary-selected hyperparameters; separately refitted pipeline,0.7624877781603321,0.8533860640529135,0.6080314589386561,0.5458791166064243,0.1848495172036651,0.006625197047087912,-0.020786079280908698,1.030890234485134,0.7180301605542515,
legacy_AnswerId_ties,Ablation_no_question,20260713,143565,one factor; fixed primary-selected hyperparameters; separately refitted pipeline,0.7684295610380696,0.8576662030117809,0.6154361542346716,0.5407710041859364,0.18283956674807247,0.007326908846691338,-0.039040098108517565,1.0076033794385026,0.7219586946677155,
legacy_AnswerId_ties,Ablation_no_subject,20260713,143565,one factor; fixed primary-selected hyperparameters; separately refitted pipeline,0.771391096787683,0.8596876894799307,0.6185935279363899,0.5382952229070621,0.18182484650670405,0.006545774168731026,-0.0329649042518212,1.016455340444522,0.7240065475566487,
legacy_AnswerId_ties,AdaptiveMath-AI,20260713,143565,one factor; fixed primary-selected hyperparameters; separately refitted pipeline,0.7714875528746998,0.8597710010418651,0.6186592160959373,0.5381934914645596,0.18178056579343801,0.006362235328979408,-0.028305285822289212,1.0190352705457428,0.7242921324833367,
legacy_AnswerId_ties,Converged_item_intercept,20260713,143565,one factor; fixed primary-selected hyperparameters; separately refitted pipeline,0.7714659694039574,0.8597733792169329,0.6187124042791099,0.538187308018512,0.18177733537259422,0.0053953345201028695,-0.017997573340484803,1.0227466579927442,0.7240762024168166,
legacy_AnswerId_ties,HGB100,20260713,143565,one factor; fixed primary-selected hyperparameters; separately refitted pipeline,0.7683626088620599,0.8576185133343435,0.615288529058736,0.5406466716241269,0.1828177331260232,0.005438969826974666,-0.01860960121221924,1.0037056554012829,0.721498972590608,
legacy_AnswerId_ties,HGB80,20260713,143565,one factor; fixed primary-selected hyperparameters; separately refitted pipeline,0.7683221846660917,0.8576151751135082,0.6154339829437054,0.5406585273560298,0.18282137419193528,0.0048403220917382275,-0.019784618447533722,1.007473522776329,0.7216173858528931,
legacy_AnswerId_ties,HGB80_anchor,20260713,143565,one factor; fixed primary-selected hyperparameters; separately refitted pipeline,0.767990824212305,0.857331165557256,0.6153290934475025,0.5410187402157669,0.18293848861959028,0.0035239173996557383,-0.00679587426601325,1.0104365005686202,0.7214153867584066,
legacy_AnswerId_ties,No_calibration,20260713,143565,one factor; fixed primary-selected hyperparameters; separately refitted pipeline,0.7714875528746998,0.8597710010418651,0.6186592160959373,0.5381934914645596,0.18178056579343801,0.006362235328979408,-0.028305285822289212,1.0190352705457428,0.7242921324833367,
legacy_AnswerId_ties,Plus_hierarchy,20260713,143565,one factor; fixed primary-selected hyperparameters; separately refitted pipeline,0.7714875528746998,0.8597710010418651,0.6186592160959373,0.5381934914645596,0.18178056579343801,0.006362235328979408,-0.028305285822289212,1.0190352705457428,0.7242921324833367,
legacy_AnswerId_ties,Plus_question_memory,20260713,143565,one factor; fixed primary-selected hyperparameters; separately refitted pipeline,0.7714665112359594,0.8597720607762276,0.618715564312719,0.5381869548455511,0.18177678821278886,0.00540147195607139,-0.017823735445423372,1.0227685321229205,0.7241040643608837,
alternate_hash_cohort,Ablation_no_question,20260713,154735,one factor; fixed primary-selected hyperparameters; separately refitted pipeline,0.7537157374054886,0.8386639960717122,0.6088227917616891,0.5590751499717628,0.18995266274924483,0.006872314743720008,-0.03043021308261528,1.0119465801751406,0.7089217048500793,
alternate_hash_cohort,Ablation_no_subject,20260713,154735,one factor; fixed primary-selected hyperparameters; separately refitted pipeline,0.7567104351305958,0.8409201243500094,0.612633998651442,0.5567235963989671,0.1889762924758707,0.00786102560160759,-0.032544118664325716,1.020184971712061,0.7109897566806276,
alternate_hash_cohort,AdaptiveMath-AI,20260713,154735,one factor; fixed primary-selected hyperparameters; separately refitted pipeline,0.7568087638736049,0.8410669094655383,0.6126231159655916,0.5566351881053151,0.188947428055842,0.0076851869172365325,-0.03057672848592263,1.0227133994673616,0.7110479206383618,
alternate_hash_cohort,Converged_item_intercept,20260713,154735,one factor; fixed primary-selected hyperparameters; separately refitted pipeline,0.7565882736644881,0.840888640805632,0.6125174531100656,0.5568128443874845,0.18901959138467989,0.007536928103404231,-0.029222035968220244,1.0234976590091058,0.7106278476102816,
alternate_hash_cohort,HGB100,20260713,154735,one factor; fixed primary-selected hyperparameters; separately refitted pipeline,0.7533894155340154,0.8387559109644747,0.6085680962551625,0.5591018234696277,0.19004396847694086,0.004614528760842341,-0.020952971532140346,1.0063700252005965,0.7090057194556953,
alternate_hash_cohort,HGB80,20260713,154735,one factor; fixed primary-selected hyperparameters; separately refitted pipeline,0.7534292419316645,0.8387595728935273,0.6088711555439116,0.559073307829445,0.1900253943084908,0.004854010866625041,-0.023557849932710456,1.0120729036427611,0.7092319126246616,
alternate_hash_cohort,HGB80_anchor,20260713,154735,one factor; fixed primary-selected hyperparameters; separately refitted pipeline,0.752935859430812,0.8380442121748669,0.6084384261013298,0.5596462400111,0.1901869088488274,0.0059177380014389545,-0.02496549566156668,1.0125961501363605,0.7082043493713579,
alternate_hash_cohort,No_calibration,20260713,154735,one factor; fixed primary-selected hyperparameters; separately refitted pipeline,0.7568087638736049,0.8410669094655383,0.6126231159655916,0.5566351881053151,0.188947428055842,0.0076851869172365325,-0.03057672848592263,1.0227133994673616,0.7110479206383618,
alternate_hash_cohort,Plus_hierarchy,20260713,154735,one factor; fixed primary-selected hyperparameters; separately refitted pipeline,0.7568087638736049,0.8410669094655383,0.6126231159655916,0.5566351881053151,0.188947428055842,0.0076851869172365325,-0.03057672848592263,1.0227133994673616,0.7110479206383618,
alternate_hash_cohort,Plus_question_memory,20260713,154735,one factor; fixed primary-selected hyperparameters; separately refitted pipeline,0.7565888226124179,0.8408880253653492,0.6125181476275778,0.5568122750583235,0.1890190468741717,0.007468668768821636,-0.02904574190007549,1.023546196721126,0.7106343102722521,
legacy_selected_cohort,Ablation_no_question,20260713,184293,one factor; fixed primary-selected hyperparameters; separately refitted pipeline,0.741749979817937,0.8379838632701788,0.582929420259863,0.5601234617077454,0.19018066143499035,0.004526489690261195,-0.011229588897550078,1.0241038232344333,0.7091750636213838,
legacy_selected_cohort,Ablation_no_subject,20260713,184293,one factor; fixed primary-selected hyperparameters; separately refitted pipeline,0.7451405098429416,0.840521958190197,0.5867357243698601,0.5577520503512824,0.18920229937445182,0.006393083269492979,-0.010289557019578918,1.0374757569435107,0.7107377925367517,
legacy_selected_cohort,AdaptiveMath-AI,20260713,184293,one factor; fixed primary-selected hyperparameters; separately refitted pipeline,0.7452223114086525,0.8404883943276769,0.5869438728992062,0.5577219847907812,0.1891785139103421,0.006533653345454693,-0.010534463322738816,1.0384202311442876,0.7108354630939622,
legacy_selected_cohort,Converged_item_intercept,20260713,184293,one factor; fixed primary-selected hyperparameters; separately refitted pipeline,0.745066885233644,0.8404521138519261,0.5868142968324976,0.5578587740917264,0.1892359812626892,0.0063939166790789774,-0.0065183598357714525,1.0424872567669938,0.7105641559905997,
legacy_selected_cohort,HGB100,20260713,184293,one factor; fixed primary-selected hyperparameters; separately refitted pipeline,0.7419268700329181,0.8381208411497626,0.583305620708585,0.560018876375772,0.19013827726874438,0.004338739532358935,-0.0023706201155345437,1.0281576692185548,0.7095603197081586,
legacy_selected_cohort,HGB80,20260713,184293,one factor; fixed primary-selected hyperparameters; separately refitted pipeline,0.7419018609574574,0.8381545070062925,0.5835153017238041,0.5600272068693055,0.19014348414558097,0.0046125714115474135,-0.004039736316157704,1.033261963918559,0.7090122793593663,
legacy_selected_cohort,HGB80_anchor,20260713,184293,one factor; fixed primary-selected hyperparameters; separately refitted pipeline,0.7411858518741476,0.8376207240554475,0.5825561352373159,0.5605912845518266,0.19036732682498197,0.004350085776852872,0.0037196678934992736,1.0298520855792863,0.7084479605843723,
legacy_selected_cohort,No_calibration,20260713,184293,one factor; fixed primary-selected hyperparameters; separately refitted pipeline,0.7452223114086525,0.8404883943276769,0.5869438728992062,0.5577219847907812,0.1891785139103421,0.006533653345454693,-0.010534463322738816,1.0384202311442876,0.7108354630939622,
legacy_selected_cohort,Plus_hierarchy,20260713,184293,one factor; fixed primary-selected hyperparameters; separately refitted pipeline,0.7452223114086525,0.8404883943276769,0.5869438728992062,0.5577219847907812,0.1891785139103421,0.006533653345454693,-0.010534463322738816,1.0384202311442876,0.7108354630939622,
legacy_selected_cohort,Plus_question_memory,20260713,184293,one factor; fixed primary-selected hyperparameters; separately refitted pipeline,0.7450648202551777,0.8404494354406651,0.5868242867383682,0.5578608050505722,0.1892364008371989,0.0063913799026610145,-0.00629398075263737,1.0425915940082535,0.7105804344168015,
retrospective_prefit_exposure_SVD,Ablation_no_question,20260713,143565,one factor; fixed primary-selected hyperparameters; separately refitted pipeline,0.7601127649247725,0.8516458027336595,0.6057145376383668,0.547842770649789,0.18567009112170824,0.008768353668301688,-0.05184727334343492,1.0204618468383408,0.7171107164000365,
retrospective_prefit_exposure_SVD,Ablation_no_subject,20260713,143565,one factor; fixed primary-selected hyperparameters; separately refitted pipeline,0.763181444711182,0.8537623679490638,0.6093404087750267,0.5453702630558048,0.18465025385233905,0.009032241980528096,-0.04606526807995301,1.0295491553151328,0.7186988472118624,
retrospective_prefit_exposure_SVD,AdaptiveMath-AI,20260713,143565,one factor; fixed primary-selected hyperparameters; separately refitted pipeline,0.7633004275327744,0.8538635491352553,0.609404591935544,0.5452581211654228,0.18460028793497302,0.009007187489256156,-0.04167845175260223,1.0324276425929757,0.7188869153343155,
retrospective_prefit_exposure_SVD,Converged_item_intercept,20260713,143565,one factor; fixed primary-selected hyperparameters; separately refitted pipeline,0.763285452648157,0.8539050636265764,0.6093167196787612,0.5452438023612376,0.1845919702268985,0.008453906531260862,-0.03134412886073957,1.0366638751493544,0.7189635356805001,
retrospective_prefit_exposure_SVD,HGB100,20260713,143565,one factor; fixed primary-selected hyperparameters; separately refitted pipeline,0.7600234993246677,0.8514365232436647,0.6061741967937646,0.5477971392420172,0.1856441703392091,0.007183651804687315,-0.03594852389810648,1.0240178054921107,0.7171107164000365,
retrospective_prefit_exposure_SVD,HGB80,20260713,143565,one factor; fixed primary-selected hyperparameters; separately refitted pipeline,0.7601441927751486,0.8515710180504132,0.606577690333046,0.5476653936649349,0.1855952180768426,0.007408318627643253,-0.039754836822820674,1.0296186838401298,0.7171385783441037,
retrospective_prefit_exposure_SVD,HGB80_anchor,20260713,143565,one factor; fixed primary-selected hyperparameters; separately refitted pipeline,0.7595796499557879,0.8512884544919099,0.6053194939396986,0.5481161577634382,0.18576994997068438,0.005662314133609805,-0.019312332086354328,1.0236324769038825,0.7172639570924058,
retrospective_prefit_exposure_SVD,No_calibration,20260713,143565,one factor; fixed primary-selected hyperparameters; separately refitted pipeline,0.7633004275327744,0.8538635491352553,0.609404591935544,0.5452581211654228,0.18460028793497302,0.009007187489256156,-0.04167845175260223,1.0324276425929757,0.7188869153343155,
retrospective_prefit_exposure_SVD,Plus_hierarchy,20260713,143565,one factor; fixed primary-selected hyperparameters; separately refitted pipeline,0.7633004275327744,0.8538635491352553,0.609404591935544,0.5452581211654228,0.18460028793497302,0.009007187489256156,-0.04167845175260223,1.0324276425929757,0.7188869153343155,
retrospective_prefit_exposure_SVD,Plus_question_memory,20260713,143565,one factor; fixed primary-selected hyperparameters; separately refitted pipeline,0.7632857234578749,0.8539033736778924,0.6093194584240789,0.5452434265902406,0.1845913358842408,0.00844797360757075,-0.031157992722618454,1.036687096207217,0.7189565701944833,
