slice,scenario,model,seed,N,students,questions,prediction_kind,weighting,ROC_AUC,AP_correct,AP_incorrect,Log_Loss,Brier,ECE15,Calibration_Intercept,Calibration_Slope,Accuracy,NA_reason
first_response_unseen_student,global_calendar_learner_feedback,AdaptiveMath-AI,20260713,965,660,736,temporal_outer,interaction,0.6041423357664173,0.770789617821606,0.38958432305947155,0.5900236555089567,0.20078030547085246,0.026949024532650648,-0.2550417827079333,1.1341606631472356,0.7119170984455969,
first_response_unseen_student,global_calendar_learner_feedback,AdaptiveMath-AI,20260714,965,660,736,temporal_outer,interaction,0.6041423357664173,0.770789617821606,0.38958432305947155,0.5900236555089567,0.20078030547085246,0.026949024532650648,-0.2550417827079333,1.1341606631472356,0.7119170984455969,
first_response_unseen_student,global_calendar_learner_feedback,AdaptiveMath-AI,20260715,965,660,736,temporal_outer,interaction,0.6041423357664173,0.770789617821606,0.38958432305947155,0.5900236555089567,0.20078030547085246,0.026949024532650648,-0.2550417827079333,1.1341606631472356,0.7119170984455969,
first_response_unseen_student,global_calendar_learner_feedback,AdaptiveMath-AI,20260716,965,660,736,temporal_outer,interaction,0.6041423357664173,0.770789617821606,0.38958432305947155,0.5900236555089567,0.20078030547085246,0.026949024532650648,-0.2550417827079333,1.1341606631472356,0.7119170984455969,
first_response_unseen_student,global_calendar_learner_feedback,AdaptiveMath-AI,20260717,965,660,736,temporal_outer,interaction,0.6041423357664173,0.770789617821606,0.38958432305947155,0.5900236555089567,0.20078030547085246,0.026949024532650648,-0.2550417827079333,1.1341606631472356,0.7119170984455969,
first_response_unseen_student,global_calendar_learner_feedback,AdaptiveMath-AI,20260718,965,660,736,temporal_outer,interaction,0.6041423357664173,0.770789617821606,0.38958432305947155,0.5900236555089567,0.20078030547085246,0.026949024532650648,-0.2550417827079333,1.1341606631472356,0.7119170984455969,
first_response_unseen_student,global_calendar_learner_feedback,AdaptiveMath-AI,20260719,965,660,736,temporal_outer,interaction,0.6041423357664173,0.770789617821606,0.38958432305947155,0.5900236555089567,0.20078030547085246,0.026949024532650648,-0.2550417827079333,1.1341606631472356,0.7119170984455969,
first_response_unseen_student,global_calendar_learner_feedback,AdaptiveMath-AI,20260720,965,660,736,temporal_outer,interaction,0.6041423357664173,0.770789617821606,0.38958432305947155,0.5900236555089567,0.20078030547085246,0.026949024532650648,-0.2550417827079333,1.1341606631472356,0.7119170984455969,
first_response_unseen_student,global_calendar_learner_feedback,AdaptiveMath-AI,20260721,965,660,736,temporal_outer,interaction,0.6041423357664173,0.770789617821606,0.38958432305947155,0.5900236555089567,0.20078030547085246,0.026949024532650648,-0.2550417827079333,1.1341606631472356,0.7119170984455969,
first_response_unseen_student,global_calendar_learner_feedback,AdaptiveMath-AI,20260722,965,660,736,temporal_outer,interaction,0.6041423357664173,0.770789617821606,0.38958432305947155,0.5900236555089567,0.20078030547085246,0.026949024532650648,-0.2550417827079333,1.1341606631472356,0.7119170984455969,
first_response_unseen_student,global_calendar_learner_feedback,HGB100,20260713,965,660,736,temporal_outer,interaction,0.5670855057351349,0.7360562106439792,0.36758137669388624,0.5962420678827687,0.2031700359132462,0.02492894039018733,0.05809495285824679,0.8714032086884295,0.7098445595854933,
first_response_unseen_student,global_calendar_learner_feedback,HGB100,20260714,965,660,736,temporal_outer,interaction,0.5661835245046867,0.7319685960264799,0.37089353615257786,0.5962065822326454,0.20312314045641794,0.020769081822468716,0.03563639570961654,0.8958429755587975,0.7088082901554416,
first_response_unseen_student,global_calendar_learner_feedback,HGB100,20260715,965,660,736,temporal_outer,interaction,0.5776381647549473,0.740192128027357,0.37557627275484906,0.5951161204352349,0.20274715265297757,0.023726348558524055,-0.01246066031933045,0.9463791778250561,0.7077720207253897,
first_response_unseen_student,global_calendar_learner_feedback,HGB100,20260716,965,660,736,temporal_outer,interaction,0.5737434827945719,0.7370907243097942,0.3689407629993058,0.5964419989128191,0.20331086426530862,0.030066934891771216,0.06727012540688686,0.8611584156289673,0.7046632124352341,
first_response_unseen_student,global_calendar_learner_feedback,HGB100,20260717,965,660,736,temporal_outer,interaction,0.571699687174134,0.73551047564325,0.3740454340585223,0.5954062777370693,0.20281441472563716,0.023327241817233266,-0.0073740792141711135,0.9441099346788445,0.7098445595854934,
first_response_unseen_student,global_calendar_learner_feedback,HGB100,20260718,965,660,736,temporal_outer,interaction,0.568712200208545,0.734324589125482,0.37014373801821177,0.5958859743496618,0.20302819979825557,0.02033576383215905,0.02543431577859414,0.9048536278181448,0.7056994818652861,
first_response_unseen_student,global_calendar_learner_feedback,HGB100,20260719,965,660,736,temporal_outer,interaction,0.5643456725755939,0.7290681550479672,0.36728937544207685,0.5967993444651467,0.20341012189350138,0.018994598332545416,0.08069499805723651,0.8532317545190654,0.7056994818652861,
first_response_unseen_student,global_calendar_learner_feedback,HGB100,20260720,965,660,736,temporal_outer,interaction,0.5626981230448327,0.7289585788446478,0.3700724626835106,0.5963699116796318,0.2031792510554796,0.019798027261125225,0.048734374216564284,0.8836545524692506,0.7088082901554416,
first_response_unseen_student,global_calendar_learner_feedback,HGB100,20260721,965,660,736,temporal_outer,interaction,0.5669655891553644,0.7309887726591584,0.36893007077281326,0.5961755787239087,0.20310459906532422,0.01883670420658842,0.03267236139967114,0.9011785752779274,0.7088082901554416,
first_response_unseen_student,global_calendar_learner_feedback,HGB100,20260722,965,660,736,temporal_outer,interaction,0.5680969760166783,0.732872361491452,0.3689014141072924,0.596388553250751,0.2032328840809799,0.02786120220377164,0.04703561788677204,0.8840420014596859,0.7056994818652861,
first_response_unseen_student,global_calendar_learner_feedback,HGB80,20260713,965,660,736,temporal_outer,interaction,0.5734306569343008,0.73944238898543,0.3699334888854282,0.5955879163399741,0.20293244839525557,0.025022159511389752,0.020205867301252695,0.912794421180047,0.7067357512953378,
first_response_unseen_student,global_calendar_learner_feedback,HGB80,20260714,965,660,736,temporal_outer,interaction,0.5736757038581799,0.7384171199680606,0.3717410852703372,0.5955280198477486,0.20288389985377966,0.02150467780543648,0.003321794942287442,0.9332528421372609,0.7046632124352342,
first_response_unseen_student,global_calendar_learner_feedback,HGB80,20260715,965,660,736,temporal_outer,interaction,0.583983315954113,0.7460337744957404,0.37795578715719086,0.5943230855423337,0.20243877440414615,0.030145320710220126,-0.05256274268856235,0.9924664439298725,0.7077720207253897,
first_response_unseen_student,global_calendar_learner_feedback,HGB80,20260716,965,660,736,temporal_outer,interaction,0.5831204379561985,0.7439324352209682,0.37301211504663523,0.5954712167386103,0.2029147439144455,0.026475778715545215,0.020870688959541583,0.9117797991040033,0.7046632124352341,
first_response_unseen_student,global_calendar_learner_feedback,HGB80,20260717,965,660,736,temporal_outer,interaction,0.5786079249217878,0.7404955802104602,0.37665774708323774,0.5944007778133059,0.20241563493525067,0.029048103771803918,-0.06803333055095165,1.0086278201453194,0.7098445595854933,
first_response_unseen_student,global_calendar_learner_feedback,HGB80,20260718,965,660,736,temporal_outer,interaction,0.5746167883211621,0.7397233530942224,0.3723281342157593,0.5949898972366354,0.20268034868401452,0.02115066580332911,-0.018062488918428425,0.9528681198962884,0.705699481865286,
first_response_unseen_student,global_calendar_learner_feedback,HGB80,20260719,965,660,736,temporal_outer,interaction,0.5721845672575543,0.7354995303717335,0.3714435802978323,0.5955739529276158,0.20290456939976131,0.02168283002306677,0.009312173845849194,0.9294914900461541,0.7077720207253897,
first_response_unseen_student,global_calendar_learner_feedback,HGB80,20260720,965,660,736,temporal_outer,interaction,0.5710505735140714,0.7355664227610398,0.37184750200273353,0.5956377706740942,0.2029179872855401,0.02314098722820414,0.008636322519628075,0.9277730986811911,0.7077720207253897,
first_response_unseen_student,global_calendar_learner_feedback,HGB80,20260721,965,660,736,temporal_outer,interaction,0.5729822732012456,0.7373415932692695,0.3719736882541526,0.595463735957865,0.20284948660065488,0.028344551951111623,-0.007205800676044902,0.9464076023144863,0.7098445595854933,
first_response_unseen_student,global_calendar_learner_feedback,HGB80,20260722,965,660,736,temporal_outer,interaction,0.5766710114702759,0.7396652091286828,0.37411917766189684,0.5952337186842747,0.2027695989364316,0.0346604557420886,-0.015597461820935486,0.9514183396989041,0.7077720207253897,
first_response_unseen_student_known_question,global_calendar_learner_feedback,AdaptiveMath-AI,20260713,905,621,686,temporal_outer,interaction,0.6042009540846733,0.7723366943516485,0.38999373068596355,0.586537681206935,0.19918196309847,0.023988224728776226,-0.23131761028107906,1.1265999278360794,0.7149171270718239,
first_response_unseen_student_known_question,global_calendar_learner_feedback,AdaptiveMath-AI,20260714,905,621,686,temporal_outer,interaction,0.6042009540846733,0.7723366943516485,0.38999373068596355,0.586537681206935,0.19918196309847,0.023988224728776226,-0.23131761028107906,1.1265999278360794,0.7149171270718239,
first_response_unseen_student_known_question,global_calendar_learner_feedback,AdaptiveMath-AI,20260715,905,621,686,temporal_outer,interaction,0.6042009540846733,0.7723366943516485,0.38999373068596355,0.586537681206935,0.19918196309847,0.023988224728776226,-0.23131761028107906,1.1265999278360794,0.7149171270718239,
first_response_unseen_student_known_question,global_calendar_learner_feedback,AdaptiveMath-AI,20260716,905,621,686,temporal_outer,interaction,0.6042009540846733,0.7723366943516485,0.38999373068596355,0.586537681206935,0.19918196309847,0.023988224728776226,-0.23131761028107906,1.1265999278360794,0.7149171270718239,
first_response_unseen_student_known_question,global_calendar_learner_feedback,AdaptiveMath-AI,20260717,905,621,686,temporal_outer,interaction,0.6042009540846733,0.7723366943516485,0.38999373068596355,0.586537681206935,0.19918196309847,0.023988224728776226,-0.23131761028107906,1.1265999278360794,0.7149171270718239,
first_response_unseen_student_known_question,global_calendar_learner_feedback,AdaptiveMath-AI,20260718,905,621,686,temporal_outer,interaction,0.6042009540846733,0.7723366943516485,0.38999373068596355,0.586537681206935,0.19918196309847,0.023988224728776226,-0.23131761028107906,1.1265999278360794,0.7149171270718239,
first_response_unseen_student_known_question,global_calendar_learner_feedback,AdaptiveMath-AI,20260719,905,621,686,temporal_outer,interaction,0.6042009540846733,0.7723366943516485,0.38999373068596355,0.586537681206935,0.19918196309847,0.023988224728776226,-0.23131761028107906,1.1265999278360794,0.7149171270718239,
first_response_unseen_student_known_question,global_calendar_learner_feedback,AdaptiveMath-AI,20260720,905,621,686,temporal_outer,interaction,0.6042009540846733,0.7723366943516485,0.38999373068596355,0.586537681206935,0.19918196309847,0.023988224728776226,-0.23131761028107906,1.1265999278360794,0.7149171270718239,
first_response_unseen_student_known_question,global_calendar_learner_feedback,AdaptiveMath-AI,20260721,905,621,686,temporal_outer,interaction,0.6042009540846733,0.7723366943516485,0.38999373068596355,0.586537681206935,0.19918196309847,0.023988224728776226,-0.23131761028107906,1.1265999278360794,0.7149171270718239,
first_response_unseen_student_known_question,global_calendar_learner_feedback,AdaptiveMath-AI,20260722,905,621,686,temporal_outer,interaction,0.6042009540846733,0.7723366943516485,0.38999373068596355,0.586537681206935,0.19918196309847,0.023988224728776226,-0.23131761028107906,1.1265999278360794,0.7149171270718239,
first_response_unseen_student_known_question,global_calendar_learner_feedback,HGB100,20260713,905,621,686,temporal_outer,interaction,0.5718753726893244,0.7395635636840717,0.37024693197210096,0.5925673357972434,0.2014983426597271,0.03445116373406699,0.046289485402687805,0.9017800907200086,0.7127071823204426,
first_response_unseen_student_known_question,global_calendar_learner_feedback,HGB100,20260714,905,621,686,temporal_outer,interaction,0.5709719737626698,0.7361158916284931,0.3729049845041147,0.5926404652807422,0.2014970811389598,0.02638414891001478,0.028987073958512535,0.9207939251689944,0.711602209944752,
first_response_unseen_student_known_question,global_calendar_learner_feedback,HGB100,20260715,905,621,686,temporal_outer,interaction,0.5816726296958838,0.7435654427886351,0.3773159030260005,0.591577758697691,0.20113639728164603,0.030033020155004916,-0.013883350257922955,0.9658810079518629,0.7104972375690614,
first_response_unseen_student_known_question,global_calendar_learner_feedback,HGB100,20260716,905,621,686,temporal_outer,interaction,0.5773941562313638,0.7401264308896451,0.37090345204002756,0.5928199152719538,0.20166160347897316,0.03561687604516308,0.05862857949476937,0.8877450926925857,0.7071823204419895,
first_response_unseen_student_known_question,global_calendar_learner_feedback,HGB100,20260717,905,621,686,temporal_outer,interaction,0.5775074537865219,0.7396339927932931,0.37719105403445996,0.5916926972274178,0.20112742071788903,0.03158159002159103,-0.020420409039454752,0.9765543730480412,0.7127071823204426,
first_response_unseen_student_known_question,global_calendar_learner_feedback,HGB100,20260718,905,621,686,temporal_outer,interaction,0.5721675611210478,0.7375616964151502,0.3712821281585247,0.59242681985758,0.20144806781141897,0.017407028059530497,0.025945142422751748,0.9218560788200313,0.7082872928176801,
first_response_unseen_student_known_question,global_calendar_learner_feedback,HGB100,20260719,905,621,686,temporal_outer,interaction,0.5687567084078695,0.7329534102987695,0.36912511316442187,0.5932372068503197,0.20178608112741747,0.020386464033454663,0.07048354316658104,0.8818869087860228,0.7082872928176801,
first_response_unseen_student_known_question,global_calendar_learner_feedback,HGB100,20260720,905,621,686,temporal_outer,interaction,0.5686612999403681,0.7334461628195055,0.3730837234720133,0.5926963569567203,0.20150963554652682,0.025904560838392824,0.0362553794891617,0.9149878674326264,0.711602209944752,
first_response_unseen_student_known_question,global_calendar_learner_feedback,HGB100,20260721,905,621,686,temporal_outer,interaction,0.5706946929039936,0.7342989741325512,0.37087412074118997,0.5926368686473431,0.2014868829414387,0.018652572564155166,0.025954221017935056,0.9262006422195878,0.711602209944752,
first_response_unseen_student_known_question,global_calendar_learner_feedback,HGB100,20260722,905,621,686,temporal_outer,interaction,0.5742367322599864,0.7378556988497798,0.37161547860880617,0.592682707575706,0.20155123512912926,0.03385205209868712,0.03197229976082304,0.9180002182190818,0.7082872928176801,
first_response_unseen_student_known_question,global_calendar_learner_feedback,HGB80,20260713,905,621,686,temporal_outer,interaction,0.5778801431126995,0.7426514027856821,0.3725526787010328,0.5918770329180033,0.20124459594965835,0.03285277467627667,0.006625025543421634,0.9450625357074441,0.7093922651933707,
first_response_unseen_student_known_question,global_calendar_learner_feedback,HGB80,20260714,905,621,686,temporal_outer,interaction,0.5785181872391157,0.7421686353151384,0.37398602403276204,0.591917507108516,0.20123825187698782,0.02550154010762906,-0.005798718594026333,0.9609765245552773,0.7071823204419896,
first_response_unseen_student_known_question,global_calendar_learner_feedback,HGB80,20260715,905,621,686,temporal_outer,interaction,0.5880799045915308,0.7491354069452474,0.37993384142801034,0.5907451547810818,0.20081077414909382,0.034577281004932674,-0.05407887027090832,1.0125352098012579,0.7104972375690614,
first_response_unseen_student_known_question,global_calendar_learner_feedback,HGB80,20260716,905,621,686,temporal_outer,interaction,0.5861180679785314,0.7462794701250435,0.37475082918314095,0.591851948161817,0.20126479841439315,0.030060785055875238,0.014772706868157568,0.9357365749473553,0.7071823204419896,
first_response_unseen_student_known_question,global_calendar_learner_feedback,HGB80,20260717,905,621,686,temporal_outer,interaction,0.5838550983899804,0.7441065780264319,0.3795150450734594,0.5906784816476116,0.20072467554779655,0.035388602714018724,-0.07756667384518007,1.037756670126761,0.7127071823204426,
first_response_unseen_student_known_question,global_calendar_learner_feedback,HGB80,20260718,905,621,686,temporal_outer,interaction,0.5780948121645778,0.7426591091968036,0.37380227416638917,0.5914422132343555,0.2010619275103433,0.02678773651425843,-0.01967078369356163,0.9721943617745921,0.7082872928176801,
first_response_unseen_student_known_question,global_calendar_learner_feedback,HGB80,20260719,905,621,686,temporal_outer,interaction,0.5769618366129977,0.7390609691417578,0.3737383820454404,0.5919454026802841,0.20125123618700408,0.026651325464516457,-0.0009597932346350011,0.9586038092156292,0.7104972375690614,
first_response_unseen_student_known_question,global_calendar_learner_feedback,HGB80,20260720,905,621,686,temporal_outer,interaction,0.5765384615384598,0.7396860696933139,0.37449242172249964,0.5919921058106806,0.201259471285127,0.026153246386322666,-0.001760906101245424,0.9571692106648714,0.7104972375690614,
first_response_unseen_student_known_question,global_calendar_learner_feedback,HGB80,20260721,905,621,686,temporal_outer,interaction,0.5765235539654128,0.7401615697721522,0.3739619913241113,0.5919221285464973,0.20123050500580453,0.02695110473156255,-0.013050022945408489,0.9701702259263135,0.7127071823204426,
first_response_unseen_student_known_question,global_calendar_learner_feedback,HGB80,20260722,905,621,686,temporal_outer,interaction,0.5822271914132362,0.7441286579789133,0.37674336154474886,0.5915249466487229,0.20108492540806713,0.040273775007296356,-0.02847772206100368,0.9833497295511291,0.7104972375690614,
unseen_student_known_question,global_calendar_learner_feedback,AdaptiveMath-AI,20260713,26943,659,10994,temporal_outer,interaction,0.7480547994577775,0.863333208851419,0.5465484209703475,0.5324877989516212,0.17849125810381927,0.011259599884243026,-0.010773668635814018,1.0472327216609474,0.7321011023271048,
unseen_student_known_question,global_calendar_learner_feedback,AdaptiveMath-AI,20260714,26943,659,10994,temporal_outer,interaction,0.7480547994577775,0.863333208851419,0.5465484209703475,0.5324877989516212,0.17849125810381927,0.011259599884243026,-0.010773668635814018,1.0472327216609474,0.7321011023271048,
unseen_student_known_question,global_calendar_learner_feedback,AdaptiveMath-AI,20260715,26943,659,10994,temporal_outer,interaction,0.7480547994577775,0.863333208851419,0.5465484209703475,0.5324877989516212,0.17849125810381927,0.011259599884243026,-0.010773668635814018,1.0472327216609474,0.7321011023271048,
unseen_student_known_question,global_calendar_learner_feedback,AdaptiveMath-AI,20260716,26943,659,10994,temporal_outer,interaction,0.7480547994577775,0.863333208851419,0.5465484209703475,0.5324877989516212,0.17849125810381927,0.011259599884243026,-0.010773668635814018,1.0472327216609474,0.7321011023271048,
unseen_student_known_question,global_calendar_learner_feedback,AdaptiveMath-AI,20260717,26943,659,10994,temporal_outer,interaction,0.7480547994577775,0.863333208851419,0.5465484209703475,0.5324877989516212,0.17849125810381927,0.011259599884243026,-0.010773668635814018,1.0472327216609474,0.7321011023271048,
unseen_student_known_question,global_calendar_learner_feedback,AdaptiveMath-AI,20260718,26943,659,10994,temporal_outer,interaction,0.7480547994577775,0.863333208851419,0.5465484209703475,0.5324877989516212,0.17849125810381927,0.011259599884243026,-0.010773668635814018,1.0472327216609474,0.7321011023271048,
unseen_student_known_question,global_calendar_learner_feedback,AdaptiveMath-AI,20260719,26943,659,10994,temporal_outer,interaction,0.7480547994577775,0.863333208851419,0.5465484209703475,0.5324877989516212,0.17849125810381927,0.011259599884243026,-0.010773668635814018,1.0472327216609474,0.7321011023271048,
unseen_student_known_question,global_calendar_learner_feedback,AdaptiveMath-AI,20260720,26943,659,10994,temporal_outer,interaction,0.7480547994577775,0.863333208851419,0.5465484209703475,0.5324877989516212,0.17849125810381927,0.011259599884243026,-0.010773668635814018,1.0472327216609474,0.7321011023271048,
unseen_student_known_question,global_calendar_learner_feedback,AdaptiveMath-AI,20260721,26943,659,10994,temporal_outer,interaction,0.7480547994577775,0.863333208851419,0.5465484209703475,0.5324877989516212,0.17849125810381927,0.011259599884243026,-0.010773668635814018,1.0472327216609474,0.7321011023271048,
unseen_student_known_question,global_calendar_learner_feedback,AdaptiveMath-AI,20260722,26943,659,10994,temporal_outer,interaction,0.7480547994577775,0.863333208851419,0.5465484209703475,0.5324877989516212,0.17849125810381927,0.011259599884243026,-0.010773668635814018,1.0472327216609474,0.7321011023271048,
unseen_student_known_question,global_calendar_learner_feedback,HGB100,20260713,26943,659,10994,temporal_outer,interaction,0.7407534767734868,0.8585000796705765,0.5383602943616879,0.5372631532621912,0.18036572220059438,0.008514482046938061,0.020402917849490432,1.007389051970119,0.7298370634301747,
unseen_student_known_question,global_calendar_learner_feedback,HGB100,20260714,26943,659,10994,temporal_outer,interaction,0.7405693742440563,0.8580251008607207,0.5383981140029996,0.5374891974802973,0.18041417973440693,0.007639758175815924,0.02046864961401696,1.0065823456995842,0.7299112942136805,
unseen_student_known_question,global_calendar_learner_feedback,HGB100,20260715,26943,659,10994,temporal_outer,interaction,0.7407441299549461,0.8584332818996632,0.5389874459938265,0.5372885159893597,0.18036994032991366,0.009850842432161536,0.02108314574073783,1.0083156555623134,0.7290947555951156,
unseen_student_known_question,global_calendar_learner_feedback,HGB100,20260716,26943,659,10994,temporal_outer,interaction,0.7408996155444514,0.858650904941009,0.5389342592318402,0.5372206910370954,0.18035526316915967,0.008785170919653494,0.01971088292604987,1.009058324705622,0.728797832461092,
unseen_student_known_question,global_calendar_learner_feedback,HGB100,20260717,26943,659,10994,temporal_outer,interaction,0.7408816991895778,0.8584470466202577,0.5391141479250088,0.5371649160978125,0.18030784506757766,0.00797621597574292,0.02017647930253055,1.0081004603566852,0.7290205248116096,
unseen_student_known_question,global_calendar_learner_feedback,HGB100,20260718,26943,659,10994,temporal_outer,interaction,0.7407929983350428,0.8583140403999707,0.5397413423170325,0.5372535131371616,0.1803258829575971,0.00997203582565035,0.020246034460271543,1.0103619967736004,0.7297257172549158,
unseen_student_known_question,global_calendar_learner_feedback,HGB100,20260719,26943,659,10994,temporal_outer,interaction,0.7406562290533494,0.8582841340970574,0.5390997605173523,0.537357853323825,0.18037908907740632,0.008222898556839383,0.02080751726419288,1.0092214928276182,0.7290205248116097,
unseen_student_known_question,global_calendar_learner_feedback,HGB100,20260720,26943,659,10994,temporal_outer,interaction,0.7409209681344162,0.8582384779890005,0.5394027901450374,0.537230371542329,0.18029612032568254,0.008678636292523694,0.019965037928957326,1.0093998566500237,0.7297628326466687,
unseen_student_known_question,global_calendar_learner_feedback,HGB100,20260721,26943,659,10994,temporal_outer,interaction,0.7407509344129346,0.85837660101722,0.5389335788453429,0.5372554211669562,0.18033747376055176,0.007873946280855134,0.017923622619749426,1.0124617986070956,0.7299855249971865,
unseen_student_known_question,global_calendar_learner_feedback,HGB100,20260722,26943,659,10994,temporal_outer,interaction,0.740599940866851,0.8584493046178914,0.5393027936602385,0.5372753983515444,0.18037914423663082,0.008649259086812936,0.020290673041679596,1.0075534138497342,0.728797832461092,
unseen_student_known_question,global_calendar_learner_feedback,HGB80,20260713,26943,659,10994,temporal_outer,interaction,0.7411412952533742,0.8587494428395516,0.5387858641674416,0.5369506197984328,0.18023396348581194,0.008297880951886914,-0.004562538386849817,1.023430000434742,0.728760717069339,
unseen_student_known_question,global_calendar_learner_feedback,HGB80,20260714,26943,659,10994,temporal_outer,interaction,0.7409781534341289,0.8582937342082626,0.5383355813056986,0.5371755750552036,0.1802840067934004,0.008190686181364454,-0.004796763444819963,1.02218486275889,0.7294659095126451,
unseen_student_known_question,global_calendar_learner_feedback,HGB80,20260715,26943,659,10994,temporal_outer,interaction,0.7411798840762813,0.8586900489136957,0.5392975032738083,0.5369473904389075,0.1802267519047349,0.008228495624917996,-0.005919502365685008,1.0250548456095963,0.7293916787291392,
unseen_student_known_question,global_calendar_learner_feedback,HGB80,20260716,26943,659,10994,temporal_outer,interaction,0.7413075300080684,0.858910317870194,0.5394095690901057,0.5368726247676945,0.18021266881872428,0.00810703001190308,-0.00395510677532699,1.0235530282411638,0.7285380247188212,
unseen_student_known_question,global_calendar_learner_feedback,HGB80,20260717,26943,659,10994,temporal_outer,interaction,0.7412993620675424,0.8586569521373572,0.5396999231439402,0.5368403087221795,0.18017105629172414,0.00840438936700881,-0.005361554035257017,1.0232350674943487,0.7292432171621275,
unseen_student_known_question,global_calendar_learner_feedback,HGB80,20260718,26943,659,10994,temporal_outer,interaction,0.7411268313269704,0.8584372889291241,0.5399056636377197,0.536995157597137,0.18020846156141623,0.009021385910741699,-0.00444603684430091,1.0230689245283184,0.7296886018631629,
unseen_student_known_question,global_calendar_learner_feedback,HGB80,20260719,26943,659,10994,temporal_outer,interaction,0.7410370228452899,0.8585245528357038,0.5397511014159394,0.537043424469186,0.18025063012130627,0.008665876302182797,-0.003849301627446634,1.022885316608548,0.7292432171621274,
unseen_student_known_question,global_calendar_learner_feedback,HGB80,20260720,26943,659,10994,temporal_outer,interaction,0.7414059889929788,0.8585353769013626,0.5397502809172474,0.5368843750364931,0.18015968845066638,0.009632290919211093,-0.005593337931325738,1.0234621647745452,0.7285751401105742,
unseen_student_known_question,global_calendar_learner_feedback,HGB80,20260721,26943,659,10994,temporal_outer,interaction,0.7410691602258785,0.8586054925013636,0.5393000399751076,0.5369738135815161,0.1802255440440284,0.008107133019990803,-0.005287599611725976,1.0238105473921202,0.7297257172549159,
unseen_student_known_question,global_calendar_learner_feedback,HGB80,20260722,26943,659,10994,temporal_outer,interaction,0.7411134426409527,0.8587706742412217,0.5396787345089984,0.5368954632987512,0.18022354743864166,0.008390125944920992,-0.006085354994718743,1.0234404914741062,0.7291689863786215,
unseen_question,learner_feedback,AdaptiveMath-AI,20260713,7071,677,2600,frozen_object,interaction,0.6902931895736548,0.8575453586804276,0.42461946913514154,0.5327982753084218,0.17807784037719154,0.019739812363858796,0.15468819438118325,0.8896451263955085,0.7362466412105829,
unseen_question,learner_feedback,AdaptiveMath-AI,20260714,7071,677,2600,frozen_object,interaction,0.6902931895736548,0.8575453586804276,0.42461946913514154,0.5327982753084218,0.17807784037719154,0.019739812363858796,0.15468819438118325,0.8896451263955085,0.7362466412105829,
unseen_question,learner_feedback,AdaptiveMath-AI,20260715,7071,677,2600,frozen_object,interaction,0.6902931895736548,0.8575453586804276,0.42461946913514154,0.5327982753084218,0.17807784037719154,0.019739812363858796,0.15468819438118325,0.8896451263955085,0.7362466412105829,
unseen_question,learner_feedback,AdaptiveMath-AI,20260716,7071,677,2600,frozen_object,interaction,0.6902931895736548,0.8575453586804276,0.42461946913514154,0.5327982753084218,0.17807784037719154,0.019739812363858796,0.15468819438118325,0.8896451263955085,0.7362466412105829,
unseen_question,learner_feedback,AdaptiveMath-AI,20260717,7071,677,2600,frozen_object,interaction,0.6902931895736548,0.8575453586804276,0.42461946913514154,0.5327982753084218,0.17807784037719154,0.019739812363858796,0.15468819438118325,0.8896451263955085,0.7362466412105829,
unseen_question,learner_feedback,AdaptiveMath-AI,20260718,7071,677,2600,frozen_object,interaction,0.6902931895736548,0.8575453586804276,0.42461946913514154,0.5327982753084218,0.17807784037719154,0.019739812363858796,0.15468819438118325,0.8896451263955085,0.7362466412105829,
unseen_question,learner_feedback,AdaptiveMath-AI,20260719,7071,677,2600,frozen_object,interaction,0.6902931895736548,0.8575453586804276,0.42461946913514154,0.5327982753084218,0.17807784037719154,0.019739812363858796,0.15468819438118325,0.8896451263955085,0.7362466412105829,
unseen_question,learner_feedback,AdaptiveMath-AI,20260720,7071,677,2600,frozen_object,interaction,0.6902931895736548,0.8575453586804276,0.42461946913514154,0.5327982753084218,0.17807784037719154,0.019739812363858796,0.15468819438118325,0.8896451263955085,0.7362466412105829,
unseen_question,learner_feedback,AdaptiveMath-AI,20260721,7071,677,2600,frozen_object,interaction,0.6902931895736548,0.8575453586804276,0.42461946913514154,0.5327982753084218,0.17807784037719154,0.019739812363858796,0.15468819438118325,0.8896451263955085,0.7362466412105829,
unseen_question,learner_feedback,AdaptiveMath-AI,20260722,7071,677,2600,frozen_object,interaction,0.6902931895736548,0.8575453586804276,0.42461946913514154,0.5327982753084218,0.17807784037719154,0.019739812363858796,0.15468819438118325,0.8896451263955085,0.7362466412105829,
unseen_question,learner_feedback,HGB100,20260713,7071,677,2600,frozen_object,interaction,0.689059120996588,0.8557489349215357,0.4228868020235742,0.5342709412474926,0.1785436027623352,0.020754174441309534,0.18131613784344902,0.8827689519816414,0.7376608683354592,
unseen_question,learner_feedback,HGB100,20260714,7071,677,2600,frozen_object,interaction,0.689059120996588,0.8557489349215357,0.4228868020235742,0.5342709412474926,0.1785436027623352,0.020754174441309534,0.18131613784344902,0.8827689519816414,0.7376608683354592,
unseen_question,learner_feedback,HGB100,20260715,7071,677,2600,frozen_object,interaction,0.689059120996588,0.8557489349215357,0.4228868020235742,0.5342709412474926,0.1785436027623352,0.020754174441309534,0.18131613784344902,0.8827689519816414,0.7376608683354592,
unseen_question,learner_feedback,HGB100,20260716,7071,677,2600,frozen_object,interaction,0.689059120996588,0.8557489349215357,0.4228868020235742,0.5342709412474926,0.1785436027623352,0.020754174441309534,0.18131613784344902,0.8827689519816414,0.7376608683354592,
unseen_question,learner_feedback,HGB100,20260717,7071,677,2600,frozen_object,interaction,0.689059120996588,0.8557489349215357,0.4228868020235742,0.5342709412474926,0.1785436027623352,0.020754174441309534,0.18131613784344902,0.8827689519816414,0.7376608683354592,
unseen_question,learner_feedback,HGB100,20260718,7071,677,2600,frozen_object,interaction,0.689059120996588,0.8557489349215357,0.4228868020235742,0.5342709412474926,0.1785436027623352,0.020754174441309534,0.18131613784344902,0.8827689519816414,0.7376608683354592,
unseen_question,learner_feedback,HGB100,20260719,7071,677,2600,frozen_object,interaction,0.689059120996588,0.8557489349215357,0.4228868020235742,0.5342709412474926,0.1785436027623352,0.020754174441309534,0.18131613784344902,0.8827689519816414,0.7376608683354592,
unseen_question,learner_feedback,HGB100,20260720,7071,677,2600,frozen_object,interaction,0.689059120996588,0.8557489349215357,0.4228868020235742,0.5342709412474926,0.1785436027623352,0.020754174441309534,0.18131613784344902,0.8827689519816414,0.7376608683354592,
unseen_question,learner_feedback,HGB100,20260721,7071,677,2600,frozen_object,interaction,0.689059120996588,0.8557489349215357,0.4228868020235742,0.5342709412474926,0.1785436027623352,0.020754174441309534,0.18131613784344902,0.8827689519816414,0.7376608683354592,
unseen_question,learner_feedback,HGB100,20260722,7071,677,2600,frozen_object,interaction,0.689059120996588,0.8557489349215357,0.4228868020235742,0.5342709412474926,0.1785436027623352,0.020754174441309534,0.18131613784344902,0.8827689519816414,0.7376608683354592,
unseen_question,learner_feedback,HGB80,20260713,7071,677,2600,frozen_object,interaction,0.6893770299716321,0.8561620220909552,0.42457568525221007,0.5339314236936799,0.17842953372551407,0.022250820447417777,0.18149466357718178,0.8903776265465537,0.7375194456229716,
unseen_question,learner_feedback,HGB80,20260714,7071,677,2600,frozen_object,interaction,0.6893770299716321,0.8561620220909552,0.42457568525221007,0.5339314236936799,0.17842953372551407,0.022250820447417777,0.18149466357718178,0.8903776265465537,0.7375194456229716,
unseen_question,learner_feedback,HGB80,20260715,7071,677,2600,frozen_object,interaction,0.6893770299716321,0.8561620220909552,0.42457568525221007,0.5339314236936799,0.17842953372551407,0.022250820447417777,0.18149466357718178,0.8903776265465537,0.7375194456229716,
unseen_question,learner_feedback,HGB80,20260716,7071,677,2600,frozen_object,interaction,0.6893770299716321,0.8561620220909552,0.42457568525221007,0.5339314236936799,0.17842953372551407,0.022250820447417777,0.18149466357718178,0.8903776265465537,0.7375194456229716,
unseen_question,learner_feedback,HGB80,20260717,7071,677,2600,frozen_object,interaction,0.6893770299716321,0.8561620220909552,0.42457568525221007,0.5339314236936799,0.17842953372551407,0.022250820447417777,0.18149466357718178,0.8903776265465537,0.7375194456229716,
unseen_question,learner_feedback,HGB80,20260718,7071,677,2600,frozen_object,interaction,0.6893770299716321,0.8561620220909552,0.42457568525221007,0.5339314236936799,0.17842953372551407,0.022250820447417777,0.18149466357718178,0.8903776265465537,0.7375194456229716,
unseen_question,learner_feedback,HGB80,20260719,7071,677,2600,frozen_object,interaction,0.6893770299716321,0.8561620220909552,0.42457568525221007,0.5339314236936799,0.17842953372551407,0.022250820447417777,0.18149466357718178,0.8903776265465537,0.7375194456229716,
unseen_question,learner_feedback,HGB80,20260720,7071,677,2600,frozen_object,interaction,0.6893770299716321,0.8561620220909552,0.42457568525221007,0.5339314236936799,0.17842953372551407,0.022250820447417777,0.18149466357718178,0.8903776265465537,0.7375194456229716,
unseen_question,learner_feedback,HGB80,20260721,7071,677,2600,frozen_object,interaction,0.6893770299716321,0.8561620220909552,0.42457568525221007,0.5339314236936799,0.17842953372551407,0.022250820447417777,0.18149466357718178,0.8903776265465537,0.7375194456229716,
unseen_question,learner_feedback,HGB80,20260722,7071,677,2600,frozen_object,interaction,0.6893770299716321,0.8561620220909552,0.42457568525221007,0.5339314236936799,0.17842953372551407,0.022250820447417777,0.18149466357718178,0.8903776265465537,0.7375194456229716,
unseen_question,no_feedback,AdaptiveMath-AI,20260713,7071,677,2600,frozen_object,interaction,0.5938836183858901,0.8027751478200111,0.33040701138102263,0.5691139983215221,0.19168828114350694,0.027083865953059304,0.3254788516668281,0.6560319122488044,0.7270541648988872,
unseen_question,no_feedback,AdaptiveMath-AI,20260714,7071,677,2600,frozen_object,interaction,0.5938836183858901,0.8027751478200111,0.33040701138102263,0.5691139983215221,0.19168828114350694,0.027083865953059304,0.3254788516668281,0.6560319122488044,0.7270541648988872,
unseen_question,no_feedback,AdaptiveMath-AI,20260715,7071,677,2600,frozen_object,interaction,0.5938836183858901,0.8027751478200111,0.33040701138102263,0.5691139983215221,0.19168828114350694,0.027083865953059304,0.3254788516668281,0.6560319122488044,0.7270541648988872,
unseen_question,no_feedback,AdaptiveMath-AI,20260716,7071,677,2600,frozen_object,interaction,0.5938836183858901,0.8027751478200111,0.33040701138102263,0.5691139983215221,0.19168828114350694,0.027083865953059304,0.3254788516668281,0.6560319122488044,0.7270541648988872,
unseen_question,no_feedback,AdaptiveMath-AI,20260717,7071,677,2600,frozen_object,interaction,0.5938836183858901,0.8027751478200111,0.33040701138102263,0.5691139983215221,0.19168828114350694,0.027083865953059304,0.3254788516668281,0.6560319122488044,0.7270541648988872,
unseen_question,no_feedback,AdaptiveMath-AI,20260718,7071,677,2600,frozen_object,interaction,0.5938836183858901,0.8027751478200111,0.33040701138102263,0.5691139983215221,0.19168828114350694,0.027083865953059304,0.3254788516668281,0.6560319122488044,0.7270541648988872,
unseen_question,no_feedback,AdaptiveMath-AI,20260719,7071,677,2600,frozen_object,interaction,0.5938836183858901,0.8027751478200111,0.33040701138102263,0.5691139983215221,0.19168828114350694,0.027083865953059304,0.3254788516668281,0.6560319122488044,0.7270541648988872,
unseen_question,no_feedback,AdaptiveMath-AI,20260720,7071,677,2600,frozen_object,interaction,0.5938836183858901,0.8027751478200111,0.33040701138102263,0.5691139983215221,0.19168828114350694,0.027083865953059304,0.3254788516668281,0.6560319122488044,0.7270541648988872,
unseen_question,no_feedback,AdaptiveMath-AI,20260721,7071,677,2600,frozen_object,interaction,0.5938836183858901,0.8027751478200111,0.33040701138102263,0.5691139983215221,0.19168828114350694,0.027083865953059304,0.3254788516668281,0.6560319122488044,0.7270541648988872,
unseen_question,no_feedback,AdaptiveMath-AI,20260722,7071,677,2600,frozen_object,interaction,0.5938836183858901,0.8027751478200111,0.33040701138102263,0.5691139983215221,0.19168828114350694,0.027083865953059304,0.3254788516668281,0.6560319122488044,0.7270541648988872,
unseen_question,no_feedback,HGB100,20260713,7071,677,2600,frozen_object,interaction,0.5921175944579207,0.8000793932887705,0.32909800176566834,0.5694023826125092,0.191773098188031,0.015950726304378403,0.37132000156078,0.6578695761175797,0.7274784330363501,
unseen_question,no_feedback,HGB100,20260714,7071,677,2600,frozen_object,interaction,0.5921175944579207,0.8000793932887705,0.32909800176566834,0.5694023826125092,0.191773098188031,0.015950726304378403,0.37132000156078,0.6578695761175797,0.7274784330363501,
unseen_question,no_feedback,HGB100,20260715,7071,677,2600,frozen_object,interaction,0.5921175944579207,0.8000793932887705,0.32909800176566834,0.5694023826125092,0.191773098188031,0.015950726304378403,0.37132000156078,0.6578695761175797,0.7274784330363501,
unseen_question,no_feedback,HGB100,20260716,7071,677,2600,frozen_object,interaction,0.5921175944579207,0.8000793932887705,0.32909800176566834,0.5694023826125092,0.191773098188031,0.015950726304378403,0.37132000156078,0.6578695761175797,0.7274784330363501,
unseen_question,no_feedback,HGB100,20260717,7071,677,2600,frozen_object,interaction,0.5921175944579207,0.8000793932887705,0.32909800176566834,0.5694023826125092,0.191773098188031,0.015950726304378403,0.37132000156078,0.6578695761175797,0.7274784330363501,
unseen_question,no_feedback,HGB100,20260718,7071,677,2600,frozen_object,interaction,0.5921175944579207,0.8000793932887705,0.32909800176566834,0.5694023826125092,0.191773098188031,0.015950726304378403,0.37132000156078,0.6578695761175797,0.7274784330363501,
unseen_question,no_feedback,HGB100,20260719,7071,677,2600,frozen_object,interaction,0.5921175944579207,0.8000793932887705,0.32909800176566834,0.5694023826125092,0.191773098188031,0.015950726304378403,0.37132000156078,0.6578695761175797,0.7274784330363501,
unseen_question,no_feedback,HGB100,20260720,7071,677,2600,frozen_object,interaction,0.5921175944579207,0.8000793932887705,0.32909800176566834,0.5694023826125092,0.191773098188031,0.015950726304378403,0.37132000156078,0.6578695761175797,0.7274784330363501,
unseen_question,no_feedback,HGB100,20260721,7071,677,2600,frozen_object,interaction,0.5921175944579207,0.8000793932887705,0.32909800176566834,0.5694023826125092,0.191773098188031,0.015950726304378403,0.37132000156078,0.6578695761175797,0.7274784330363501,
unseen_question,no_feedback,HGB100,20260722,7071,677,2600,frozen_object,interaction,0.5921175944579207,0.8000793932887705,0.32909800176566834,0.5694023826125092,0.191773098188031,0.015950726304378403,0.37132000156078,0.6578695761175797,0.7274784330363501,
unseen_question,no_feedback,HGB80,20260713,7071,677,2600,frozen_object,interaction,0.5935417608847595,0.8010729185615659,0.32867540370828663,0.5695618332775758,0.19186644905857514,0.021617191570015532,0.3757215901018038,0.6566734794459611,0.7259227831989862,
unseen_question,no_feedback,HGB80,20260714,7071,677,2600,frozen_object,interaction,0.5935417608847595,0.8010729185615659,0.32867540370828663,0.5695618332775758,0.19186644905857514,0.021617191570015532,0.3757215901018038,0.6566734794459611,0.7259227831989862,
unseen_question,no_feedback,HGB80,20260715,7071,677,2600,frozen_object,interaction,0.5935417608847595,0.8010729185615659,0.32867540370828663,0.5695618332775758,0.19186644905857514,0.021617191570015532,0.3757215901018038,0.6566734794459611,0.7259227831989862,
unseen_question,no_feedback,HGB80,20260716,7071,677,2600,frozen_object,interaction,0.5935417608847595,0.8010729185615659,0.32867540370828663,0.5695618332775758,0.19186644905857514,0.021617191570015532,0.3757215901018038,0.6566734794459611,0.7259227831989862,
unseen_question,no_feedback,HGB80,20260717,7071,677,2600,frozen_object,interaction,0.5935417608847595,0.8010729185615659,0.32867540370828663,0.5695618332775758,0.19186644905857514,0.021617191570015532,0.3757215901018038,0.6566734794459611,0.7259227831989862,
unseen_question,no_feedback,HGB80,20260718,7071,677,2600,frozen_object,interaction,0.5935417608847595,0.8010729185615659,0.32867540370828663,0.5695618332775758,0.19186644905857514,0.021617191570015532,0.3757215901018038,0.6566734794459611,0.7259227831989862,
unseen_question,no_feedback,HGB80,20260719,7071,677,2600,frozen_object,interaction,0.5935417608847595,0.8010729185615659,0.32867540370828663,0.5695618332775758,0.19186644905857514,0.021617191570015532,0.3757215901018038,0.6566734794459611,0.7259227831989862,
unseen_question,no_feedback,HGB80,20260720,7071,677,2600,frozen_object,interaction,0.5935417608847595,0.8010729185615659,0.32867540370828663,0.5695618332775758,0.19186644905857514,0.021617191570015532,0.3757215901018038,0.6566734794459611,0.7259227831989862,
unseen_question,no_feedback,HGB80,20260721,7071,677,2600,frozen_object,interaction,0.5935417608847595,0.8010729185615659,0.32867540370828663,0.5695618332775758,0.19186644905857514,0.021617191570015532,0.3757215901018038,0.6566734794459611,0.7259227831989862,
unseen_question,no_feedback,HGB80,20260722,7071,677,2600,frozen_object,interaction,0.5935417608847595,0.8010729185615659,0.32867540370828663,0.5695618332775758,0.19186644905857514,0.021617191570015532,0.3757215901018038,0.6566734794459611,0.7259227831989862,
unseen_question,outcome_free,AdaptiveMath-AI,20260713,7071,677,2600,frozen_object,interaction,0.5959896497142625,0.8035297809184176,0.3321871902799827,0.5685263983099782,0.1914660063858439,0.023675994062584995,0.3258192520319526,0.6710011287285013,0.7269127421863996,
unseen_question,outcome_free,AdaptiveMath-AI,20260714,7071,677,2600,frozen_object,interaction,0.5959896497142625,0.8035297809184176,0.3321871902799827,0.5685263983099782,0.1914660063858439,0.023675994062584995,0.3258192520319526,0.6710011287285013,0.7269127421863996,
unseen_question,outcome_free,AdaptiveMath-AI,20260715,7071,677,2600,frozen_object,interaction,0.5959896497142625,0.8035297809184176,0.3321871902799827,0.5685263983099782,0.1914660063858439,0.023675994062584995,0.3258192520319526,0.6710011287285013,0.7269127421863996,
unseen_question,outcome_free,AdaptiveMath-AI,20260716,7071,677,2600,frozen_object,interaction,0.5959896497142625,0.8035297809184176,0.3321871902799827,0.5685263983099782,0.1914660063858439,0.023675994062584995,0.3258192520319526,0.6710011287285013,0.7269127421863996,
unseen_question,outcome_free,AdaptiveMath-AI,20260717,7071,677,2600,frozen_object,interaction,0.5959896497142625,0.8035297809184176,0.3321871902799827,0.5685263983099782,0.1914660063858439,0.023675994062584995,0.3258192520319526,0.6710011287285013,0.7269127421863996,
unseen_question,outcome_free,AdaptiveMath-AI,20260718,7071,677,2600,frozen_object,interaction,0.5959896497142625,0.8035297809184176,0.3321871902799827,0.5685263983099782,0.1914660063858439,0.023675994062584995,0.3258192520319526,0.6710011287285013,0.7269127421863996,
unseen_question,outcome_free,AdaptiveMath-AI,20260719,7071,677,2600,frozen_object,interaction,0.5959896497142625,0.8035297809184176,0.3321871902799827,0.5685263983099782,0.1914660063858439,0.023675994062584995,0.3258192520319526,0.6710011287285013,0.7269127421863996,
unseen_question,outcome_free,AdaptiveMath-AI,20260720,7071,677,2600,frozen_object,interaction,0.5959896497142625,0.8035297809184176,0.3321871902799827,0.5685263983099782,0.1914660063858439,0.023675994062584995,0.3258192520319526,0.6710011287285013,0.7269127421863996,
unseen_question,outcome_free,AdaptiveMath-AI,20260721,7071,677,2600,frozen_object,interaction,0.5959896497142625,0.8035297809184176,0.3321871902799827,0.5685263983099782,0.1914660063858439,0.023675994062584995,0.3258192520319526,0.6710011287285013,0.7269127421863996,
unseen_question,outcome_free,AdaptiveMath-AI,20260722,7071,677,2600,frozen_object,interaction,0.5959896497142625,0.8035297809184176,0.3321871902799827,0.5685263983099782,0.1914660063858439,0.023675994062584995,0.3258192520319526,0.6710011287285013,0.7269127421863996,
unseen_question,outcome_free,HGB100,20260713,7071,677,2600,frozen_object,interaction,0.5968466060929987,0.8029802850099406,0.3320305685482435,0.5692317770980284,0.19170065807900433,0.02160774886992962,0.3785259091185142,0.6675117116505327,0.7274784330363501,
unseen_question,outcome_free,HGB100,20260714,7071,677,2600,frozen_object,interaction,0.5968466060929987,0.8029802850099406,0.3320305685482435,0.5692317770980284,0.19170065807900433,0.02160774886992962,0.3785259091185142,0.6675117116505327,0.7274784330363501,
unseen_question,outcome_free,HGB100,20260715,7071,677,2600,frozen_object,interaction,0.5968466060929987,0.8029802850099406,0.3320305685482435,0.5692317770980284,0.19170065807900433,0.02160774886992962,0.3785259091185142,0.6675117116505327,0.7274784330363501,
unseen_question,outcome_free,HGB100,20260716,7071,677,2600,frozen_object,interaction,0.5968466060929987,0.8029802850099406,0.3320305685482435,0.5692317770980284,0.19170065807900433,0.02160774886992962,0.3785259091185142,0.6675117116505327,0.7274784330363501,
unseen_question,outcome_free,HGB100,20260717,7071,677,2600,frozen_object,interaction,0.5968466060929987,0.8029802850099406,0.3320305685482435,0.5692317770980284,0.19170065807900433,0.02160774886992962,0.3785259091185142,0.6675117116505327,0.7274784330363501,
unseen_question,outcome_free,HGB100,20260718,7071,677,2600,frozen_object,interaction,0.5968466060929987,0.8029802850099406,0.3320305685482435,0.5692317770980284,0.19170065807900433,0.02160774886992962,0.3785259091185142,0.6675117116505327,0.7274784330363501,
unseen_question,outcome_free,HGB100,20260719,7071,677,2600,frozen_object,interaction,0.5968466060929987,0.8029802850099406,0.3320305685482435,0.5692317770980284,0.19170065807900433,0.02160774886992962,0.3785259091185142,0.6675117116505327,0.7274784330363501,
unseen_question,outcome_free,HGB100,20260720,7071,677,2600,frozen_object,interaction,0.5968466060929987,0.8029802850099406,0.3320305685482435,0.5692317770980284,0.19170065807900433,0.02160774886992962,0.3785259091185142,0.6675117116505327,0.7274784330363501,
unseen_question,outcome_free,HGB100,20260721,7071,677,2600,frozen_object,interaction,0.5968466060929987,0.8029802850099406,0.3320305685482435,0.5692317770980284,0.19170065807900433,0.02160774886992962,0.3785259091185142,0.6675117116505327,0.7274784330363501,
unseen_question,outcome_free,HGB100,20260722,7071,677,2600,frozen_object,interaction,0.5968466060929987,0.8029802850099406,0.3320305685482435,0.5692317770980284,0.19170065807900433,0.02160774886992962,0.3785259091185142,0.6675117116505327,0.7274784330363501,
unseen_question,outcome_free,HGB80,20260713,7071,677,2600,frozen_object,interaction,0.5962528779344655,0.8026097639582987,0.3310494587112008,0.5694174573695543,0.19179887648370475,0.023110484546320642,0.38297161982244277,0.6696221944281494,0.7260642059114738,
unseen_question,outcome_free,HGB80,20260714,7071,677,2600,frozen_object,interaction,0.5962528779344655,0.8026097639582987,0.3310494587112008,0.5694174573695543,0.19179887648370475,0.023110484546320642,0.38297161982244277,0.6696221944281494,0.7260642059114738,
unseen_question,outcome_free,HGB80,20260715,7071,677,2600,frozen_object,interaction,0.5962528779344655,0.8026097639582987,0.3310494587112008,0.5694174573695543,0.19179887648370475,0.023110484546320642,0.38297161982244277,0.6696221944281494,0.7260642059114738,
unseen_question,outcome_free,HGB80,20260716,7071,677,2600,frozen_object,interaction,0.5962528779344655,0.8026097639582987,0.3310494587112008,0.5694174573695543,0.19179887648370475,0.023110484546320642,0.38297161982244277,0.6696221944281494,0.7260642059114738,
unseen_question,outcome_free,HGB80,20260717,7071,677,2600,frozen_object,interaction,0.5962528779344655,0.8026097639582987,0.3310494587112008,0.5694174573695543,0.19179887648370475,0.023110484546320642,0.38297161982244277,0.6696221944281494,0.7260642059114738,
unseen_question,outcome_free,HGB80,20260718,7071,677,2600,frozen_object,interaction,0.5962528779344655,0.8026097639582987,0.3310494587112008,0.5694174573695543,0.19179887648370475,0.023110484546320642,0.38297161982244277,0.6696221944281494,0.7260642059114738,
unseen_question,outcome_free,HGB80,20260719,7071,677,2600,frozen_object,interaction,0.5962528779344655,0.8026097639582987,0.3310494587112008,0.5694174573695543,0.19179887648370475,0.023110484546320642,0.38297161982244277,0.6696221944281494,0.7260642059114738,
unseen_question,outcome_free,HGB80,20260720,7071,677,2600,frozen_object,interaction,0.5962528779344655,0.8026097639582987,0.3310494587112008,0.5694174573695543,0.19179887648370475,0.023110484546320642,0.38297161982244277,0.6696221944281494,0.7260642059114738,
unseen_question,outcome_free,HGB80,20260721,7071,677,2600,frozen_object,interaction,0.5962528779344655,0.8026097639582987,0.3310494587112008,0.5694174573695543,0.19179887648370475,0.023110484546320642,0.38297161982244277,0.6696221944281494,0.7260642059114738,
unseen_question,outcome_free,HGB80,20260722,7071,677,2600,frozen_object,interaction,0.5962528779344655,0.8026097639582987,0.3310494587112008,0.5694174573695543,0.19179887648370475,0.023110484546320642,0.38297161982244277,0.6696221944281494,0.7260642059114738,
