model,group_field,group,N,students,questions,prevalence,status,ROC_AUC,AP_correct,AP_incorrect,Log_Loss,Brier,ECE15,Calibration_Intercept,Calibration_Slope,Accuracy,NA_reason
AdaptiveMath-AI,Gender,0,40515,422,13516,0.6697272615080834,estimable,0.7825278443965731,0.8791796720570031,0.6100645776569461,0.5173004910118552,0.17381895743419934,0.013125566544444156,-0.0568397013945656,1.0824668266550093,0.7370109835863665,
HGB100,Gender,0,40515,422,13516,0.6697272615080834,estimable,0.7776138578518872,0.8764851373700565,0.6035942745654317,0.5209102319956733,0.17542970138949956,0.009635632712400925,-0.04666512325895913,1.0552709242803906,0.7338022954461714,
AdaptiveMath-AI,Gender,1,54152,654,15934,0.6437435367114788,estimable,0.7505935890714499,0.8402568791033422,0.6044656103546383,0.5572266674409655,0.18912386593311348,0.006225018318487893,-0.005439774846741505,1.0139734838299552,0.7121435958043936,
HGB100,Gender,1,54152,654,15934,0.6437435367114788,estimable,0.7467166524573648,0.8378219373547662,0.5983407374801472,0.5601124465348215,0.19037453863281167,0.005600427900521488,-0.00040546732947628167,1.0009283910545823,0.7102600088639301,
AdaptiveMath-AI,Gender,2,48885,586,15824,0.6332003682111077,estimable,0.7623862395318011,0.8455688071672545,0.6186598661213425,0.5525540078004212,0.18753283265639303,0.006689535009115616,-0.0079662475591261,1.0058675627301623,0.7131430909276295,
HGB100,Gender,2,48885,586,15824,0.6332003682111077,estimable,0.758435700625124,0.8426175982366129,0.6148189706406209,0.5557291783103115,0.18884788189323,0.006317270108245495,-0.0002606862243018904,0.9833191705637175,0.7115679656335725,
AdaptiveMath-AI,Gender,3,13,1,13,0.6153846153846154,low_support,,,,,,,,,,
HGB100,Gender,3,13,1,13,0.6153846153846154,low_support,,,,,,,,,,
AdaptiveMath-AI,PremiumPupil,0.0,36053,349,11131,0.5969267467339749,estimable,0.742359626959212,0.8115463960713031,0.6277379727192466,0.5817295233878937,0.19981780681047334,0.007538646276662377,-0.0029178600852987602,0.9580935829020459,0.6882367625439976,
HGB100,PremiumPupil,0.0,36053,349,11131,0.5969267467339749,estimable,0.737864010025327,0.8077028105754663,0.6239052344108349,0.5852358904494394,0.20128566610551646,0.009424070901312125,0.0027604550636529494,0.9387531741437806,0.6864338612597773,
AdaptiveMath-AI,PremiumPupil,1.0,9107,105,5942,0.5252003953003185,estimable,0.7373889428389186,0.7491149512366926,0.6855201044451086,0.6033557347509199,0.207580562163703,0.02395240243531118,-0.10325036133998722,0.9779624888532539,0.6794773251345037,
HGB100,PremiumPupil,1.0,9107,105,5942,0.5252003953003185,estimable,0.7343690013370338,0.7474801305553266,0.6780057327258157,0.6058585132708303,0.2086231148595688,0.027199701903971973,-0.11018410997712134,0.9644655448113078,0.6787086856264328,
AdaptiveMath-AI,PremiumPupil,nan,98405,1209,19870,0.6773233067425436,estimable,0.7682494275904473,0.8715930803659824,0.5900848294894961,0.5252166100776814,0.17640521389236322,0.008180883163433461,-0.022558292694995555,1.0571066434505063,0.7346476296935389,
HGB100,PremiumPupil,nan,98405,1209,19870,0.6773233067425436,estimable,0.7639312141753092,0.8691658341531714,0.5840236117852227,0.5283505094945842,0.17777502744769463,0.007450478164473593,-0.011866458991701682,1.0343786344330612,0.7322493775722048,
AdaptiveMath-AI,history_bin,"(-1.0, 0.0]",965,660,736,0.7098445595854922,estimable,0.6041423357664173,0.770789617821606,0.38958432305947155,0.5900236555089569,0.2007803054708525,0.02694902453265066,-0.2550417827079332,1.1341606631472354,0.7119170984455969,
HGB100,history_bin,"(-1.0, 0.0]",965,660,736,0.7098445595854922,estimable,0.5688712200208493,0.7328604527273698,0.3703169672345178,0.5960430045467398,0.20308379525833836,0.022064512021815714,0.031383128732415395,0.9010729148174588,0.7077720207253897,
AdaptiveMath-AI,history_bin,"(0.0, 4.0]",2747,658,1981,0.6967601019293775,estimable,0.7133753187795538,0.8396864763846599,0.5135297142812265,0.5526169335806953,0.18586251860331812,0.015884837506213802,0.012295107633227081,1.0707647528888704,0.7247906807426275,
HGB100,history_bin,"(0.0, 4.0]",2747,658,1981,0.6967601019293775,estimable,0.7008032052946616,0.8308228072723922,0.49225199252976976,0.5596756681779569,0.18878014326672687,0.012301826568868463,-0.010855022996406956,1.0219919218102227,0.7200582453585722,
AdaptiveMath-AI,history_bin,"(19.0, 49.0]",29195,1175,12561,0.6669977735913684,estimable,0.7411386041531918,0.8453387944832202,0.5639041488710526,0.5534820692637399,0.18735292191579195,0.010604808290783065,-0.003917251639794395,1.0390897291484371,0.713341325569415,
HGB100,history_bin,"(19.0, 49.0]",29195,1175,12561,0.6669977735913684,estimable,0.735722525958721,0.8411794799171364,0.5554399714941332,0.5573731323218974,0.18891365083084483,0.008945808974419973,0.01897745153375302,1.000618558279079,0.7122109950333644,
AdaptiveMath-AI,history_bin,"(4.0, 9.0]",3479,700,2590,0.6930152342627192,estimable,0.723256547316684,0.8448202226514745,0.5203785990061027,0.5500597481039712,0.18506535177460937,0.017656446549740756,0.0710848895535472,1.0151887067796197,0.7217591261856879,
HGB100,history_bin,"(4.0, 9.0]",3479,700,2590,0.6930152342627192,estimable,0.7138839308599634,0.8382146633860166,0.5197451999876743,0.5549147287818489,0.18699205508079209,0.018696512114593947,0.09320074978207396,0.9721122847796917,0.716585225639554,
AdaptiveMath-AI,history_bin,"(49.0, inf]",99180,1336,18407,0.6359245815688647,estimable,0.7740791661902175,0.8575489472891146,0.630610905444005,0.5403718328115135,0.18299384709597638,0.006418913883834923,-0.026813472984426344,1.024024763631856,0.7211534583585828,
HGB100,history_bin,"(49.0, inf]",99180,1336,18407,0.6359245815688647,estimable,0.7706507058351855,0.855406413465023,0.6259611932655186,0.5430653437252366,0.18420447351803332,0.00619044516972293,-0.023738585033661486,1.009483470877907,0.7191873361565257,
AdaptiveMath-AI,history_bin,"(9.0, 19.0]",7999,832,5246,0.6753344168021003,estimable,0.7408661661698943,0.8494825142737785,0.547448930800389,0.5497860857116916,0.18581880724138675,0.018105851954527033,-0.025833881737749566,1.0577335267530614,0.7194649331166447,
HGB100,history_bin,"(9.0, 19.0]",7999,832,5246,0.6753344168021003,estimable,0.7340969708876097,0.8454223112657635,0.5373404189112935,0.5541325960037864,0.18764850706207192,0.014526509723302558,0.003682070812629071,1.0204511083357148,0.713839229903743,
AdaptiveMath-AI,route,parent,127,75,65,0.5826771653543307,estimable,0.7914329423763385,0.8679856298428069,0.6777733673554023,0.5857007749243696,0.20620519359525002,0.1798882879480575,-1.1059064060762125,1.6162226175825334,0.6456692913385826,
HGB100,route,parent,127,75,65,0.5826771653543307,estimable,0.8074961754207036,0.8806990658876275,0.6980721218340229,0.5781412533280452,0.20304850500023988,0.1882257244231181,-1.1526461458389867,1.691794301537175,0.6456692913385826,
AdaptiveMath-AI,route,question,102564,1646,13171,0.6364806364806365,estimable,0.7673632642402584,0.8515442203722188,0.6221283167102966,0.5468281738916027,0.18530046638626485,0.010006928589920673,-0.02687676543820795,1.041310685501208,0.7174154674154293,
HGB100,route,question,102564,1646,13171,0.6364806364806365,estimable,0.7615002302970988,0.8473745628112609,0.6152973683152907,0.5514335142058451,0.18724563717961784,0.006753110235828274,-0.020705805736222264,1.0143753842911356,0.7147342147341768,
AdaptiveMath-AI,route,subject,40790,1509,13419,0.6749938710468252,estimable,0.7525653738953241,0.8603240236365364,0.5771308769996256,0.5382454921491681,0.18167404714855362,0.006598443326173673,0.009096632780107444,0.9970671184683466,0.7247364550134379,
HGB100,route,subject,40790,1509,13419,0.6749938710468252,estimable,0.7529833503831567,0.8610487634330439,0.5758077403679869,0.5378877817112341,0.1816201893486215,0.006908553167856996,0.01797437780076908,0.9923987428860167,0.7239274331943646,
AdaptiveMath-AI,route,zero,84,14,48,0.8214285714285714,low_support,,,,,,,,,,
HGB100,route,zero,84,14,48,0.8214285714285714,low_support,,,,,,,,,,
AdaptiveMath-AI,support_bin,"(-1.0, 0.0]",84,14,48,0.8214285714285714,low_support,,,,,,,,,,
HGB100,support_bin,"(-1.0, 0.0]",84,14,48,0.8214285714285714,low_support,,,,,,,,,,
AdaptiveMath-AI,support_bin,"(0.0, 4.0]",64877,1628,12338,0.6381768577461967,estimable,0.7646239236771792,0.8502054986752258,0.6167099720262283,0.5485238852251757,0.18597083960207933,0.009766530627754847,-0.03097827266810027,1.037520550357247,0.7157081862601973,
HGB100,support_bin,"(0.0, 4.0]",64877,1628,12338,0.6381768577461967,estimable,0.7611558541925417,0.8476595065360091,0.6121984730999698,0.5512600929867572,0.18710361408234308,0.007510923298673272,-0.023206674343142296,1.0169134959658668,0.7148450144119305,
AdaptiveMath-AI,support_bin,"(19.0, 49.0]",3649,818,1125,0.6166072896684023,estimable,0.7533123659756961,0.8342059784204647,0.6074727806256335,0.5670017328497581,0.19392177813445147,0.024734106902142217,-0.009994391181415551,0.9729394243863932,0.7026582625376796,
HGB100,support_bin,"(19.0, 49.0]",3649,818,1125,0.6166072896684023,estimable,0.7466452227781741,0.8296278860403181,0.6051525129467584,0.5716796731222897,0.19608928980135026,0.025944075998035776,-0.059446471576556435,0.9686765485952543,0.6985475472732237,
AdaptiveMath-AI,support_bin,"(4.0, 9.0]",26236,1473,4694,0.6351196828784875,estimable,0.7715238718861069,0.8542681435195552,0.6299210403388888,0.5434898157399513,0.18401171121098403,0.009835283246398797,-0.010426758414457586,1.0538730889284564,0.7201936270773313,
HGB100,support_bin,"(4.0, 9.0]",26236,1473,4694,0.6351196828784875,estimable,0.7632510584481595,0.8489112389335678,0.6211740612163904,0.5499319853598099,0.18683298517377328,0.006404909370646237,-0.00550789263313515,1.0193913221284143,0.7146287543833221,
AdaptiveMath-AI,support_bin,"(49.0, inf]",37036,1493,12077,0.6752349065773842,estimable,0.751444723920623,0.8598403856632287,0.576736160570201,0.5387697839040211,0.18190778543785657,0.008137962431189617,0.011343339338829403,0.9914158885348532,0.7239712711956493,
HGB100,support_bin,"(49.0, inf]",37036,1493,12077,0.6752349065773842,estimable,0.7519814676930454,0.8606321779115118,0.5755111130106286,0.5383223034279528,0.18182013962689111,0.007970187757668735,0.02175680206851915,0.9870650101685563,0.7233502538071623,
AdaptiveMath-AI,support_bin,"(9.0, 19.0]",11683,1149,2263,0.6473508516648121,estimable,0.7762720654591541,0.8619150610462989,0.6281858435805145,0.5346103314947486,0.1801002098033343,0.018075524818953154,-0.05150116449196955,1.0638050783537725,0.7292647436446159,
HGB100,support_bin,"(9.0, 19.0]",11683,1149,2263,0.6473508516648121,estimable,0.7645407861984707,0.8533395737817615,0.6136317990056476,0.544005215150188,0.18392915653596661,0.010592416821668343,-0.03522133207514139,1.0167434665996826,0.7234443208080157,
AdaptiveMath-AI,known_initial_prefix_question,False,7071,677,2600,0.7353981049356527,estimable,0.6918114541791722,0.858203608187305,0.42972940879759924,0.532525136937154,0.17797896896660195,0.02124677929996458,0.1800683754593186,0.8906563922868417,0.739640786310286,
HGB100,known_initial_prefix_question,False,7071,677,2600,0.7353981049356527,estimable,0.689517997368746,0.8564294870093705,0.4231089862910955,0.534196586858637,0.17862091086326248,0.020434126777574214,0.19959546419693266,0.8710116211074272,0.7372366001979963,
AdaptiveMath-AI,known_initial_prefix_question,True,136494,1661,18642,0.6429293595322871,estimable,0.7659314280359467,0.8537841499165524,0.6159327793207463,0.5449786104480211,0.18458784526849542,0.007952875370397712,-0.024540705454701037,1.0327142193414445,0.7184491626003507,
HGB100,known_initial_prefix_question,True,136494,1661,18642,0.6429293595322871,estimable,0.7616710757403086,0.8510123275339101,0.6105342221416233,0.5482445445211396,0.18599942812434606,0.006120736788794361,-0.017608193069999285,1.0119918308017262,0.716317200755876,
AdaptiveMath-AI,known_initial_prefix_student,False,55792,660,16136,0.6647548035560654,estimable,0.7562581185658819,0.8580199086986691,0.5846346835267286,0.5420769918506632,0.18330566167332119,0.00979839614620807,-0.026479462152465702,1.058135235711628,0.7210890450243326,
HGB100,known_initial_prefix_student,False,55792,660,16136,0.6647548035560654,estimable,0.7512449128287222,0.8547681168378257,0.5782039764064332,0.5456132290156324,0.1848057041886105,0.0071798770178145436,-0.011454252631502035,1.030055281605644,0.7181137080584595,
AdaptiveMath-AI,known_initial_prefix_student,True,87773,1003,17572,0.6365055313137298,estimable,0.7681975452990668,0.8518778414222486,0.6248826453389236,0.5458197414745126,0.18487044040380196,0.005271333175494046,-0.017310449342630506,1.0142007725273507,0.7184783475555486,
HGB100,known_initial_prefix_student,True,87773,1003,17572,0.6365055313137298,estimable,0.7644499467580037,0.8495182006586766,0.619935628578389,0.5487854084092549,0.18616379245357578,0.004865355112940492,-0.013596404518353039,0.9974474238839445,0.7168605379785724,
AdaptiveMath-AI,known_outer_fit_question,False,5327,676,3262,0.7392528627745447,estimable,0.7043722332583975,0.8655660937479492,0.44533961252064663,0.5228252765338065,0.17399402385291532,0.02401177325577065,0.1892545441258917,0.9029937270183253,0.7460108879294147,
HGB100,known_outer_fit_question,False,5327,676,3262,0.7392528627745447,estimable,0.7038512896621738,0.8655139953106803,0.44147856415159614,0.5233268459320117,0.17413900847369507,0.02748085822640296,0.1952608640029809,0.8998930857533137,0.7450722733245714,
AdaptiveMath-AI,known_outer_fit_question,True,138238,1661,19099,0.6439473950722666,estimable,0.7651001270124607,0.8536039521318068,0.6144626398304973,0.5451952824091718,0.1846580280138342,0.007635931766245206,-0.023721226388807658,1.031743976046585,0.718471042694524,
HGB100,known_outer_fit_question,True,138238,1661,19099,0.6439473950722666,estimable,0.7607988485882822,0.8507941681521969,0.6090155578429131,0.5484861819272978,0.18607905138224848,0.006103136749286552,-0.016419193826699017,1.0106094951808604,0.716279170705634,
AdaptiveMath-AI,known_outer_fit_student,False,28697,673,11890,0.6962748719378332,estimable,0.7457524787371979,0.8634073690932831,0.5413338741420829,0.5318886730371286,0.1781897689460661,0.009854793230180958,-0.004854514611167737,1.0398910917063966,0.7332125309265876,
HGB100,known_outer_fit_student,False,28697,673,11890,0.6962748719378332,estimable,0.7390251923355384,0.8588928840595336,0.5344089440556863,0.5362762032365063,0.17989132460220042,0.008247761481797847,0.023890425644057023,1.0066924621388684,0.7309823326480216,
AdaptiveMath-AI,known_outer_fit_student,True,114868,1397,19302,0.6352944249051085,estimable,0.7663944429392863,0.8511015300108974,0.623271082081056,0.5474822095590429,0.18577942370543227,0.006423814904919042,-0.022541953357254795,1.02623069787956,0.7160653968033713,
HGB100,known_outer_fit_student,True,114868,1397,19302,0.6352944249051085,estimable,0.7626405187774261,0.8488238639603086,0.618039473441752,0.5503697872450772,0.1870711865881644,0.005700835288067631,-0.018854491677620617,1.0074172284855407,0.713941219486799,
AdaptiveMath-AI,first_response,False,142600,1663,21208,0.6470617110799439,estimable,0.7647585467165623,0.854683747861269,0.611738064013852,0.5440562613619113,0.18415055853339096,0.006611034598243069,-0.01833570984166689,1.0305266453735122,0.7195441795232558,
HGB100,first_response,False,142600,1663,21208,0.6470617110799439,estimable,0.7606090819791733,0.8520195915565837,0.6063731987224718,0.5472244980796495,0.1855179420806055,0.005086175945635302,-0.011316207364631587,1.0098839089156078,0.7174123422161012,
AdaptiveMath-AI,first_response,True,965,660,736,0.7098445595854922,estimable,0.6041423357664173,0.770789617821606,0.38958432305947155,0.5900236555089569,0.2007803054708525,0.02694902453265066,-0.2550417827079332,1.1341606631472354,0.7119170984455969,
HGB100,first_response,True,965,660,736,0.7098445595854922,estimable,0.5688712200208493,0.7328604527273698,0.3703169672345178,0.5960430045467398,0.20308379525833836,0.022064512021815714,0.031383128732415395,0.9010729148174588,0.7077720207253897,
AdaptiveMath-AI,first_5,False,139853,1663,21104,0.6460855326664426,estimable,0.7654679104049471,0.8548812930926719,0.6131159066880344,0.5438881121868129,0.18411693212343072,0.006629113286973805,-0.019116526855471723,1.0296457851981062,0.7194411274693878,
HGB100,first_5,False,139853,1663,21104,0.6460855326664426,estimable,0.761432743743985,0.8522986980677038,0.6078914968432237,0.5469799315400685,0.18545386575290246,0.005049363085171572,-0.011407346215711808,1.009664112669571,0.7173603712467835,
AdaptiveMath-AI,first_5,True,3712,671,2533,0.7001616379310345,estimable,0.6886496879890786,0.8269803960945077,0.48673538072098244,0.5623414720130152,0.1897406609328361,0.012382077141755904,-0.023022893677899836,1.0459154120953396,0.7214439655172445,
HGB100,first_5,True,3712,671,2533,0.7001616379310345,estimable,0.6742711879992767,0.8165112379772712,0.4673468048902343,0.569129999965639,0.19249863038200304,0.011990526342951769,-0.018758283816959327,1.007376791243135,0.7168642241379342,
AdaptiveMath-AI,primary_subject_id,33,2149,315,216,0.6607724523033969,estimable,0.7646761915802056,0.863320162601513,0.6146339814259689,0.5342641876926829,0.1805357245421205,0.02275038146848449,0.0658300581883388,1.0205884038578976,0.7324336900884152,
HGB100,primary_subject_id,33,2149,315,216,0.6607724523033969,estimable,0.7619954983674311,0.8599747224843983,0.607932058378598,0.5377903345388905,0.18193887664643937,0.02276590442229105,0.09419998907743715,0.9917748052544852,0.7226617031177311,
AdaptiveMath-AI,primary_subject_id,34,620,117,91,0.6806451612903226,low_support,,,,,,,,,,
HGB100,primary_subject_id,34,620,117,91,0.6806451612903226,low_support,,,,,,,,,,
AdaptiveMath-AI,primary_subject_id,41,559,109,156,0.8014311270125224,low_support,,,,,,,,,,
HGB100,primary_subject_id,41,559,109,156,0.8014311270125224,low_support,,,,,,,,,,
AdaptiveMath-AI,primary_subject_id,47,1268,207,169,0.6332807570977917,estimable,0.7878520065881972,0.8587987706604476,0.6708546733462586,0.5342177281262825,0.17921268983895275,0.036767565421166944,-0.20436172797321292,1.1898822049677054,0.7334384858044154,
HGB100,primary_subject_id,47,1268,207,169,0.6332807570977917,estimable,0.7736043599941078,0.8461441701069692,0.6420486858587124,0.5468418426529829,0.1840982168016449,0.033435251239710806,-0.1619621835148134,1.1026922625619426,0.7310725552050463,
AdaptiveMath-AI,primary_subject_id,50,1262,319,129,0.6862123613312203,estimable,0.7664301793920747,0.8775960181433229,0.5944197252771615,0.5189152206963601,0.1744180560415072,0.030444541406046154,-0.04491951275445887,1.0254249031868468,0.7345483359746441,
HGB100,primary_subject_id,50,1262,319,129,0.6862123613312203,estimable,0.7647884736510618,0.8760964775088147,0.5874860917322591,0.520340588661815,0.17492935556126468,0.019354134948627588,-0.04888740382828913,1.0482462766097675,0.7337559429477027,
AdaptiveMath-AI,primary_subject_id,51,916,252,97,0.5524017467248908,low_support,,,,,,,,,,
HGB100,primary_subject_id,51,916,252,97,0.5524017467248908,low_support,,,,,,,,,,
AdaptiveMath-AI,primary_subject_id,52,1045,276,103,0.6507177033492823,estimable,0.7838114423851743,0.8654690120226575,0.6565183254691622,0.5259870635505582,0.17611371524218178,0.036066905852360706,-0.05654975872886882,1.1033164435771048,0.7416267942583715,
HGB100,primary_subject_id,52,1045,276,103,0.6507177033492823,estimable,0.7816619661563267,0.8639937657234475,0.6475837780635214,0.5271197507525581,0.17666287727923424,0.0379699306881075,-0.08843331332759712,1.0967929713734663,0.7444976076555008,
AdaptiveMath-AI,primary_subject_id,53,943,225,98,0.6362672322375398,low_support,,,,,,,,,,
HGB100,primary_subject_id,53,943,225,98,0.6362672322375398,low_support,,,,,,,,,,
AdaptiveMath-AI,primary_subject_id,56,113,53,34,0.7079646017699115,low_support,,,,,,,,,,
HGB100,primary_subject_id,56,113,53,34,0.7079646017699115,low_support,,,,,,,,,,
AdaptiveMath-AI,primary_subject_id,57,332,77,73,0.7168674698795181,low_support,,,,,,,,,,
HGB100,primary_subject_id,57,332,77,73,0.7168674698795181,low_support,,,,,,,,,,
AdaptiveMath-AI,primary_subject_id,58,462,94,88,0.6255411255411255,low_support,,,,,,,,,,
HGB100,primary_subject_id,58,462,94,88,0.6255411255411255,low_support,,,,,,,,,,
AdaptiveMath-AI,primary_subject_id,60,952,186,129,0.6228991596638656,low_support,,,,,,,,,,
HGB100,primary_subject_id,60,952,186,129,0.6228991596638656,low_support,,,,,,,,,,
AdaptiveMath-AI,primary_subject_id,63,1056,184,152,0.6666666666666666,estimable,0.7473124354338835,0.8545030094504807,0.571176229261049,0.547607785512437,0.1859236221883571,0.0266677525022503,-0.17769155298252323,1.0985734825779219,0.7159090909090904,
HGB100,primary_subject_id,63,1056,184,152,0.6666666666666666,estimable,0.7504741574121891,0.8566812931560218,0.5727694611283837,0.5460437180933229,0.1853030878325995,0.03676491932296465,-0.17107613977751338,1.1024183426150773,0.7206439393939388,
AdaptiveMath-AI,primary_subject_id,64,3845,526,417,0.6127438231469441,estimable,0.7743044351275528,0.8453395144146723,0.6510589589580101,0.5493953683811275,0.18626249525329938,0.024631800791732796,-0.02996504382062056,1.0611436128716876,0.7219765929778958,
HGB100,primary_subject_id,64,3845,526,417,0.6127438231469441,estimable,0.767762117440747,0.839070491589065,0.6486976627808219,0.5547658973000549,0.18842992852572632,0.021246472927492772,-0.03262402874012047,1.0316161717838253,0.7209362808842678,
AdaptiveMath-AI,primary_subject_id,65,882,136,140,0.5850340136054422,low_support,,,,,,,,,,
HGB100,primary_subject_id,65,882,136,140,0.5850340136054422,low_support,,,,,,,,,,
AdaptiveMath-AI,primary_subject_id,66,64,26,9,0.703125,low_support,,,,,,,,,,
HGB100,primary_subject_id,66,64,26,9,0.703125,low_support,,,,,,,,,,
AdaptiveMath-AI,primary_subject_id,67,2239,474,197,0.5645377400625279,estimable,0.7411615546900292,0.7899114679596952,0.6582637021306175,0.5933511054707064,0.2044905413676109,0.03669655387239284,-0.11876690707263952,0.9015933478816848,0.684680661009381,
HGB100,primary_subject_id,67,2239,474,197,0.5645377400625279,estimable,0.7374675430055112,0.7881280022152569,0.6464128405724056,0.597672443188737,0.20647002553134675,0.047137749976613005,-0.1665934616847076,0.9030650791735348,0.678874497543548,
AdaptiveMath-AI,primary_subject_id,69,200,37,59,0.555,low_support,,,,,,,,,,
HGB100,primary_subject_id,69,200,37,59,0.555,low_support,,,,,,,,,,
AdaptiveMath-AI,primary_subject_id,70,1758,400,206,0.5688282138794084,estimable,0.7252480211081853,0.7801439823457108,0.6229597726356851,0.6033395759465772,0.20868755035792855,0.03703352665013083,0.04063214476336876,0.8739580117584648,0.6757679180887364,
HGB100,primary_subject_id,70,1758,400,206,0.5688282138794084,estimable,0.7202038258575257,0.7750677928838648,0.6127224817767937,0.6076960688761786,0.21031412460239685,0.039467837655338414,0.027572024538319213,0.8397890823784501,0.6734926052332187,
AdaptiveMath-AI,primary_subject_id,72,148,54,24,0.5743243243243243,low_support,,,,,,,,,,
HGB100,primary_subject_id,72,148,54,24,0.5743243243243243,low_support,,,,,,,,,,
AdaptiveMath-AI,primary_subject_id,73,387,116,150,0.6563307493540051,low_support,,,,,,,,,,
HGB100,primary_subject_id,73,387,116,150,0.6563307493540051,low_support,,,,,,,,,,
AdaptiveMath-AI,primary_subject_id,75,2268,481,257,0.5855379188712522,estimable,0.7083155761343235,0.7784591613629055,0.6033514242416131,0.6094139317438823,0.21196423503002707,0.029441872186681716,0.030956215623553034,0.8572748804137933,0.6649029982363316,
HGB100,primary_subject_id,75,2268,481,257,0.5855379188712522,estimable,0.7103394962830033,0.7815103045830631,0.6001976319606556,0.6077392149620657,0.21131975459357075,0.029399555615583106,0.024921716238432014,0.8650142001716059,0.665784832451499,
AdaptiveMath-AI,primary_subject_id,76,547,121,102,0.5447897623400365,low_support,,,,,,,,,,
HGB100,primary_subject_id,76,547,121,102,0.5447897623400365,low_support,,,,,,,,,,
AdaptiveMath-AI,primary_subject_id,78,313,49,108,0.645367412140575,low_support,,,,,,,,,,
HGB100,primary_subject_id,78,313,49,108,0.645367412140575,low_support,,,,,,,,,,
AdaptiveMath-AI,primary_subject_id,80,179,84,37,0.6815642458100558,low_support,,,,,,,,,,
HGB100,primary_subject_id,80,179,84,37,0.6815642458100558,low_support,,,,,,,,,,
AdaptiveMath-AI,primary_subject_id,84,298,124,65,0.6174496644295302,low_support,,,,,,,,,,
HGB100,primary_subject_id,84,298,124,65,0.6174496644295302,low_support,,,,,,,,,,
AdaptiveMath-AI,primary_subject_id,85,274,116,54,0.5985401459854015,low_support,,,,,,,,,,
HGB100,primary_subject_id,85,274,116,54,0.5985401459854015,low_support,,,,,,,,,,
AdaptiveMath-AI,primary_subject_id,86,1668,342,206,0.6306954436450839,estimable,0.7738082378647965,0.8580496596804147,0.6394986574407946,0.5414589442547397,0.18410405132122876,0.025846145615179103,-0.043612924219669016,1.0625788848216997,0.7158273381294963,
HGB100,primary_subject_id,86,1668,342,206,0.6306954436450839,estimable,0.77146498938324,0.8579760136520337,0.6355080218343512,0.5431217463770954,0.18506666018601337,0.020132105476303022,0.011282563599024274,1.0528309420469568,0.7140287769784172,
AdaptiveMath-AI,primary_subject_id,87,161,72,39,0.6211180124223602,low_support,,,,,,,,,,
HGB100,primary_subject_id,87,161,72,39,0.6211180124223602,low_support,,,,,,,,,,
AdaptiveMath-AI,primary_subject_id,88,607,205,118,0.5354200988467874,low_support,,,,,,,,,,
HGB100,primary_subject_id,88,607,205,118,0.5354200988467874,low_support,,,,,,,,,,
AdaptiveMath-AI,primary_subject_id,89,1246,196,133,0.6203852327447833,estimable,0.7910860462381206,0.8626565569922175,0.6670865865399974,0.5342210013737879,0.17976924750760515,0.03410477236611465,-0.013660598369462944,1.1814712274080346,0.7271268057784899,
HGB100,primary_subject_id,89,1246,196,133,0.6203852327447833,estimable,0.7880214643805548,0.8563992214952781,0.6776319724802018,0.5372735141026062,0.18052233022362862,0.03797248752663045,-0.01040314758576964,1.1896618568668371,0.7263242375601913,
AdaptiveMath-AI,primary_subject_id,90,495,171,91,0.6242424242424243,low_support,,,,,,,,,,
HGB100,primary_subject_id,90,495,171,91,0.6242424242424243,low_support,,,,,,,,,,
AdaptiveMath-AI,primary_subject_id,92,561,200,100,0.5472370766488414,low_support,,,,,,,,,,
HGB100,primary_subject_id,92,561,200,100,0.5472370766488414,low_support,,,,,,,,,,
AdaptiveMath-AI,primary_subject_id,93,369,116,66,0.46070460704607047,low_support,,,,,,,,,,
HGB100,primary_subject_id,93,369,116,66,0.46070460704607047,low_support,,,,,,,,,,
AdaptiveMath-AI,primary_subject_id,94,656,167,112,0.5396341463414634,low_support,,,,,,,,,,
HGB100,primary_subject_id,94,656,167,112,0.5396341463414634,low_support,,,,,,,,,,
AdaptiveMath-AI,primary_subject_id,95,654,188,139,0.5825688073394495,low_support,,,,,,,,,,
HGB100,primary_subject_id,95,654,188,139,0.5825688073394495,low_support,,,,,,,,,,
AdaptiveMath-AI,primary_subject_id,96,9,7,5,0.4444444444444444,low_support,,,,,,,,,,
HGB100,primary_subject_id,96,9,7,5,0.4444444444444444,low_support,,,,,,,,,,
AdaptiveMath-AI,primary_subject_id,102,1540,350,244,0.6227272727272727,estimable,0.7533351041586211,0.8249519157022444,0.627052709668927,0.5659930451295923,0.1921025681457508,0.034060105869975134,0.04083794516768692,1.0319105722653374,0.7064935064935066,
HGB100,primary_subject_id,102,1540,350,244,0.6227272727272727,estimable,0.751831996539705,0.8230502904468943,0.6227570545831962,0.5672483763304784,0.19259202287589378,0.02307733112236115,0.036833081298844356,1.0348988885096149,0.7032467532467533,
AdaptiveMath-AI,primary_subject_id,103,476,132,106,0.5546218487394958,low_support,,,,,,,,,,
HGB100,primary_subject_id,103,476,132,106,0.5546218487394958,low_support,,,,,,,,,,
AdaptiveMath-AI,primary_subject_id,104,213,77,77,0.7276995305164319,low_support,,,,,,,,,,
HGB100,primary_subject_id,104,213,77,77,0.7276995305164319,low_support,,,,,,,,,,
AdaptiveMath-AI,primary_subject_id,105,258,91,54,0.5038759689922481,low_support,,,,,,,,,,
HGB100,primary_subject_id,105,258,91,54,0.5038759689922481,low_support,,,,,,,,,,
AdaptiveMath-AI,primary_subject_id,106,607,144,120,0.7182866556836903,low_support,,,,,,,,,,
HGB100,primary_subject_id,106,607,144,120,0.7182866556836903,low_support,,,,,,,,,,
AdaptiveMath-AI,primary_subject_id,107,269,80,56,0.6951672862453532,low_support,,,,,,,,,,
HGB100,primary_subject_id,107,269,80,56,0.6951672862453532,low_support,,,,,,,,,,
AdaptiveMath-AI,primary_subject_id,108,275,89,73,0.72,low_support,,,,,,,,,,
HGB100,primary_subject_id,108,275,89,73,0.72,low_support,,,,,,,,,,
AdaptiveMath-AI,primary_subject_id,109,700,180,107,0.5671428571428572,low_support,,,,,,,,,,
HGB100,primary_subject_id,109,700,180,107,0.5671428571428572,low_support,,,,,,,,,,
AdaptiveMath-AI,primary_subject_id,110,372,151,57,0.728494623655914,low_support,,,,,,,,,,
HGB100,primary_subject_id,110,372,151,57,0.728494623655914,low_support,,,,,,,,,,
AdaptiveMath-AI,primary_subject_id,111,1677,287,181,0.7042337507453786,estimable,0.744354497282244,0.8678534932748195,0.5092037610882116,0.5357619950271426,0.17970048203490355,0.053485193717525255,0.2731188890289414,1.0182333603168772,0.7346451997614777,
HGB100,primary_subject_id,111,1677,287,181,0.7042337507453786,estimable,0.7421283903744837,0.8669630232440555,0.5203787707863107,0.5370855738185303,0.1803093454290478,0.05858711215368518,0.2822941163463976,1.0487574475652195,0.7340488968395934,
AdaptiveMath-AI,primary_subject_id,112,220,68,50,0.6590909090909091,low_support,,,,,,,,,,
HGB100,primary_subject_id,112,220,68,50,0.6590909090909091,low_support,,,,,,,,,,
AdaptiveMath-AI,primary_subject_id,114,78,37,20,0.5128205128205128,low_support,,,,,,,,,,
HGB100,primary_subject_id,114,78,37,20,0.5128205128205128,low_support,,,,,,,,,,
AdaptiveMath-AI,primary_subject_id,115,822,171,115,0.7226277372262774,low_support,,,,,,,,,,
HGB100,primary_subject_id,115,822,171,115,0.7226277372262774,low_support,,,,,,,,,,
AdaptiveMath-AI,primary_subject_id,116,333,84,69,0.7387387387387387,low_support,,,,,,,,,,
HGB100,primary_subject_id,116,333,84,69,0.7387387387387387,low_support,,,,,,,,,,
AdaptiveMath-AI,primary_subject_id,117,588,122,70,0.673469387755102,low_support,,,,,,,,,,
HGB100,primary_subject_id,117,588,122,70,0.673469387755102,low_support,,,,,,,,,,
AdaptiveMath-AI,primary_subject_id,118,254,77,55,0.5984251968503937,low_support,,,,,,,,,,
HGB100,primary_subject_id,118,254,77,55,0.5984251968503937,low_support,,,,,,,,,,
AdaptiveMath-AI,primary_subject_id,120,1,1,1,1.0,low_support,,,,,,,,,,
HGB100,primary_subject_id,120,1,1,1,1.0,low_support,,,,,,,,,,
AdaptiveMath-AI,primary_subject_id,157,420,183,46,0.5,low_support,,,,,,,,,,
HGB100,primary_subject_id,157,420,183,46,0.5,low_support,,,,,,,,,,
AdaptiveMath-AI,primary_subject_id,159,158,40,45,0.7088607594936709,low_support,,,,,,,,,,
HGB100,primary_subject_id,159,158,40,45,0.7088607594936709,low_support,,,,,,,,,,
AdaptiveMath-AI,primary_subject_id,160,88,39,25,0.5340909090909091,low_support,,,,,,,,,,
HGB100,primary_subject_id,160,88,39,25,0.5340909090909091,low_support,,,,,,,,,,
AdaptiveMath-AI,primary_subject_id,163,203,57,64,0.5714285714285714,low_support,,,,,,,,,,
HGB100,primary_subject_id,163,203,57,64,0.5714285714285714,low_support,,,,,,,,,,
AdaptiveMath-AI,primary_subject_id,164,82,38,27,0.524390243902439,low_support,,,,,,,,,,
HGB100,primary_subject_id,164,82,38,27,0.524390243902439,low_support,,,,,,,,,,
AdaptiveMath-AI,primary_subject_id,165,885,221,85,0.5694915254237288,low_support,,,,,,,,,,
HGB100,primary_subject_id,165,885,221,85,0.5694915254237288,low_support,,,,,,,,,,
AdaptiveMath-AI,primary_subject_id,166,624,130,85,0.5384615384615384,low_support,,,,,,,,,,
HGB100,primary_subject_id,166,624,130,85,0.5384615384615384,low_support,,,,,,,,,,
AdaptiveMath-AI,primary_subject_id,167,184,48,40,0.6141304347826086,low_support,,,,,,,,,,
HGB100,primary_subject_id,167,184,48,40,0.6141304347826086,low_support,,,,,,,,,,
AdaptiveMath-AI,primary_subject_id,168,225,106,40,0.5377777777777778,low_support,,,,,,,,,,
HGB100,primary_subject_id,168,225,106,40,0.5377777777777778,low_support,,,,,,,,,,
AdaptiveMath-AI,primary_subject_id,171,1817,380,249,0.6285085305448541,estimable,0.7598903807485335,0.8379859117131923,0.6267770195722446,0.5577309865113694,0.18921161606589626,0.024528523551755495,-0.09554251098359867,1.0885500654012417,0.708860759493671,
HGB100,primary_subject_id,171,1817,380,249,0.6285085305448541,estimable,0.753838619705529,0.8336727709400782,0.6200526482469101,0.5626521891345846,0.19123924313200658,0.028271887278401926,-0.11706627296597798,1.060163102634244,0.7138139790864062,
AdaptiveMath-AI,primary_subject_id,172,324,142,50,0.6265432098765432,low_support,,,,,,,,,,
HGB100,primary_subject_id,172,324,142,50,0.6265432098765432,low_support,,,,,,,,,,
AdaptiveMath-AI,primary_subject_id,173,677,234,111,0.6115214180206795,low_support,,,,,,,,,,
HGB100,primary_subject_id,173,677,234,111,0.6115214180206795,low_support,,,,,,,,,,
AdaptiveMath-AI,primary_subject_id,175,294,119,60,0.6666666666666666,low_support,,,,,,,,,,
HGB100,primary_subject_id,175,294,119,60,0.6666666666666666,low_support,,,,,,,,,,
AdaptiveMath-AI,primary_subject_id,177,422,109,154,0.7630331753554502,low_support,,,,,,,,,,
HGB100,primary_subject_id,177,422,109,154,0.7630331753554502,low_support,,,,,,,,,,
AdaptiveMath-AI,primary_subject_id,179,455,176,68,0.6483516483516484,low_support,,,,,,,,,,
HGB100,primary_subject_id,179,455,176,68,0.6483516483516484,low_support,,,,,,,,,,
AdaptiveMath-AI,primary_subject_id,180,361,76,99,0.6094182825484764,low_support,,,,,,,,,,
HGB100,primary_subject_id,180,361,76,99,0.6094182825484764,low_support,,,,,,,,,,
AdaptiveMath-AI,primary_subject_id,181,974,210,167,0.6765913757700205,low_support,,,,,,,,,,
HGB100,primary_subject_id,181,974,210,167,0.6765913757700205,low_support,,,,,,,,,,
AdaptiveMath-AI,primary_subject_id,182,1227,264,153,0.6756316218418907,estimable,0.7418349285632091,0.859377862686473,0.5451108778141411,0.5464938711502743,0.18563094353544374,0.03332287377347366,0.058320712772733777,1.0077167340847555,0.713121434392828,
HGB100,primary_subject_id,182,1227,264,153,0.6756316218418907,estimable,0.73495341605495,0.8571811997855525,0.542880033103855,0.5489209393938793,0.18702477514127586,0.044155853993878565,0.00594612255579923,1.0066546290929195,0.7163814180929096,
AdaptiveMath-AI,primary_subject_id,183,1307,260,205,0.586840091813313,estimable,0.7237602008788443,0.7921832166395222,0.6133049867877551,0.6055216503019684,0.20984736487543865,0.0555804256131712,-0.16189173511107877,0.86191404164302,0.6717674062739102,
HGB100,primary_subject_id,183,1307,260,205,0.586840091813313,estimable,0.7252378193056153,0.7926340254051208,0.6206843633895529,0.6024451547437228,0.20852624057864624,0.04935218813253988,-0.13175763550873307,0.870246553980053,0.6710022953328236,
AdaptiveMath-AI,primary_subject_id,184,251,110,59,0.7689243027888446,low_support,,,,,,,,,,
HGB100,primary_subject_id,184,251,110,59,0.7689243027888446,low_support,,,,,,,,,,
AdaptiveMath-AI,primary_subject_id,185,433,188,57,0.6143187066974596,low_support,,,,,,,,,,
HGB100,primary_subject_id,185,433,188,57,0.6143187066974596,low_support,,,,,,,,,,
AdaptiveMath-AI,primary_subject_id,186,521,158,81,0.5911708253358925,low_support,,,,,,,,,,
HGB100,primary_subject_id,186,521,158,81,0.5911708253358925,low_support,,,,,,,,,,
AdaptiveMath-AI,primary_subject_id,187,389,171,59,0.48586118251928023,low_support,,,,,,,,,,
HGB100,primary_subject_id,187,389,171,59,0.48586118251928023,low_support,,,,,,,,,,
AdaptiveMath-AI,primary_subject_id,188,340,145,73,0.5352941176470588,low_support,,,,,,,,,,
HGB100,primary_subject_id,188,340,145,73,0.5352941176470588,low_support,,,,,,,,,,
AdaptiveMath-AI,primary_subject_id,189,928,266,171,0.5808189655172413,low_support,,,,,,,,,,
HGB100,primary_subject_id,189,928,266,171,0.5808189655172413,low_support,,,,,,,,,,
AdaptiveMath-AI,primary_subject_id,190,1,1,1,1.0,low_support,,,,,,,,,,
HGB100,primary_subject_id,190,1,1,1,1.0,low_support,,,,,,,,,,
AdaptiveMath-AI,primary_subject_id,191,28,20,7,0.35714285714285715,low_support,,,,,,,,,,
HGB100,primary_subject_id,191,28,20,7,0.35714285714285715,low_support,,,,,,,,,,
AdaptiveMath-AI,primary_subject_id,192,283,76,45,0.5512367491166078,low_support,,,,,,,,,,
HGB100,primary_subject_id,192,283,76,45,0.5512367491166078,low_support,,,,,,,,,,
AdaptiveMath-AI,primary_subject_id,193,350,101,66,0.6057142857142858,low_support,,,,,,,,,,
HGB100,primary_subject_id,193,350,101,66,0.6057142857142858,low_support,,,,,,,,,,
AdaptiveMath-AI,primary_subject_id,195,1260,314,216,0.6698412698412698,estimable,0.7723950738242799,0.8720517964294581,0.6044839983968187,0.5259527171814599,0.17698428910712102,0.02713432658157536,-0.0028872921065200333,1.0479862019332538,0.7269841269841255,
HGB100,primary_subject_id,195,1260,314,216,0.6698412698412698,estimable,0.7717086675173167,0.8730773819743526,0.5962175694331706,0.5266648563095814,0.1775984288672258,0.032371137390069006,0.01546035122852663,1.0427240210987727,0.7301587301587287,
AdaptiveMath-AI,primary_subject_id,196,139,57,16,0.48201438848920863,low_support,,,,,,,,,,
HGB100,primary_subject_id,196,139,57,16,0.48201438848920863,low_support,,,,,,,,,,
AdaptiveMath-AI,primary_subject_id,197,523,250,103,0.621414913957935,low_support,,,,,,,,,,
HGB100,primary_subject_id,197,523,250,103,0.621414913957935,low_support,,,,,,,,,,
AdaptiveMath-AI,primary_subject_id,198,297,143,78,0.6498316498316499,low_support,,,,,,,,,,
HGB100,primary_subject_id,198,297,143,78,0.6498316498316499,low_support,,,,,,,,,,
AdaptiveMath-AI,primary_subject_id,199,22,20,5,0.8181818181818182,low_support,,,,,,,,,,
HGB100,primary_subject_id,199,22,20,5,0.8181818181818182,low_support,,,,,,,,,,
AdaptiveMath-AI,primary_subject_id,200,126,19,84,0.8888888888888888,low_support,,,,,,,,,,
HGB100,primary_subject_id,200,126,19,84,0.8888888888888888,low_support,,,,,,,,,,
AdaptiveMath-AI,primary_subject_id,202,3656,450,603,0.7546498905908097,estimable,0.7577081270054453,0.9005146388385664,0.4963242705118419,0.4774853965745698,0.1561539048648559,0.020039641641470513,0.12657983756318789,0.9993048560592821,0.7727024070021862,
HGB100,primary_subject_id,202,3656,450,603,0.7546498905908097,estimable,0.7554790787058296,0.8996755285512368,0.496078982964906,0.47924280571546635,0.1569342631434794,0.022989979100674244,0.15422507896536317,0.9870179487189022,0.7710612691466063,
AdaptiveMath-AI,primary_subject_id,203,3394,345,619,0.7583971714790807,estimable,0.766190753690752,0.902944412269695,0.5201947420928811,0.4665353129540091,0.15102939829899645,0.017799263364614286,0.07547567503816853,0.9602166348019511,0.7837360047142068,
HGB100,primary_subject_id,203,3394,345,619,0.7583971714790807,estimable,0.7586455549870166,0.8979849081515416,0.506920658912427,0.474235211060165,0.15346840350957291,0.025012197590941365,0.155761147343775,0.8859091460361428,0.7804949911608774,
AdaptiveMath-AI,primary_subject_id,204,3597,352,700,0.7595218237420073,estimable,0.7966208667981272,0.9246375963702603,0.5365256689855217,0.44287473573881275,0.14476679880208904,0.021049561755009275,-0.043233614445878914,1.085550689239326,0.7898248540450414,
HGB100,primary_subject_id,204,3597,352,700,0.7595218237420073,estimable,0.796503651858935,0.9247866244790249,0.5413374148427291,0.44224729867352525,0.14481236850919366,0.024011250646692083,0.028544486809191257,1.067817635080063,0.787322768974149,
AdaptiveMath-AI,primary_subject_id,205,482,169,81,0.7323651452282157,low_support,,,,,,,,,,
HGB100,primary_subject_id,205,482,169,81,0.7323651452282157,low_support,,,,,,,,,,
AdaptiveMath-AI,primary_subject_id,206,984,211,125,0.7083333333333334,low_support,,,,,,,,,,
HGB100,primary_subject_id,206,984,211,125,0.7083333333333334,low_support,,,,,,,,,,
AdaptiveMath-AI,primary_subject_id,207,1062,189,165,0.7627118644067796,estimable,0.7109151479521856,0.8832076754181429,0.4558475046338458,0.4919841390053936,0.1612693286269933,0.05255820504309158,0.2606129259602978,0.9109714835744018,0.7787193973634646,
HGB100,primary_subject_id,207,1062,189,165,0.7627118644067796,estimable,0.7050387027238885,0.879021462945276,0.4502064824092822,0.4926756842021276,0.16129379773641273,0.04229453839472032,0.21120301024756907,0.8730624309521656,0.7834274952919016,
AdaptiveMath-AI,primary_subject_id,208,1375,196,150,0.6858181818181818,estimable,0.7804227544087087,0.8875972611942378,0.5967376509448831,0.5079091266148795,0.1708076624707613,0.02508652040605677,-0.06598435794460947,1.0638010443005537,0.7403636363636374,
HGB100,primary_subject_id,208,1375,196,150,0.6858181818181818,estimable,0.777463571737172,0.8866782941018003,0.5884241109021795,0.5098490726111993,0.17201789644714027,0.026110451215084603,-0.05472763423610287,1.0405589325035984,0.7330909090909101,
AdaptiveMath-AI,primary_subject_id,209,1245,204,281,0.6730923694779116,estimable,0.738097611605964,0.8502364059218832,0.5734456381268728,0.5479584440703369,0.18569062165791803,0.02481978991031777,0.020601834868789352,0.9692287498928851,0.7076305220883545,
HGB100,primary_subject_id,209,1245,204,281,0.6730923694779116,estimable,0.7321603443321811,0.846126411561301,0.5734306119530866,0.5513521025616055,0.18722265609998073,0.034279879472075205,0.00875730077800034,0.937590222407612,0.7132530120481939,
AdaptiveMath-AI,primary_subject_id,210,667,203,81,0.6896551724137931,low_support,,,,,,,,,,
HGB100,primary_subject_id,210,667,203,81,0.6896551724137931,low_support,,,,,,,,,,
AdaptiveMath-AI,primary_subject_id,211,1756,310,173,0.6873576309794989,estimable,0.8033737623426255,0.8905704699824206,0.6490576759694063,0.49012675497395686,0.16086531426486494,0.02690250631593788,-0.18371911014221448,1.166421057047261,0.7676537585421406,
HGB100,primary_subject_id,211,1756,310,173,0.6873576309794989,estimable,0.7977206429404737,0.886453194530722,0.6560787974418476,0.4940909198887946,0.16214657357076973,0.031112312203661317,-0.19509936280595405,1.1508037798892268,0.7699316628701588,
AdaptiveMath-AI,primary_subject_id,212,814,225,73,0.581081081081081,low_support,,,,,,,,,,
HGB100,primary_subject_id,212,814,225,73,0.581081081081081,low_support,,,,,,,,,,
AdaptiveMath-AI,primary_subject_id,213,1353,232,176,0.7036215816703622,estimable,0.8258136172174602,0.9198444916650929,0.6504994991340701,0.45907870329432854,0.1514967214329418,0.039135934934675105,-0.1677775505180459,1.2523002390036628,0.7760532150776035,
HGB100,primary_subject_id,213,1353,232,176,0.7036215816703622,estimable,0.824023187828747,0.9186639113030144,0.6486317727204142,0.46072320266904676,0.15233724617819028,0.047812974005870736,-0.17853921088426486,1.2156623240934346,0.7730968218773079,
AdaptiveMath-AI,primary_subject_id,214,591,236,73,0.7258883248730964,low_support,,,,,,,,,,
HGB100,primary_subject_id,214,591,236,73,0.7258883248730964,low_support,,,,,,,,,,
AdaptiveMath-AI,primary_subject_id,215,426,149,74,0.6924882629107981,low_support,,,,,,,,,,
HGB100,primary_subject_id,215,426,149,74,0.6924882629107981,low_support,,,,,,,,,,
AdaptiveMath-AI,primary_subject_id,216,849,220,129,0.5630153121319199,low_support,,,,,,,,,,
HGB100,primary_subject_id,216,849,220,129,0.5630153121319199,low_support,,,,,,,,,,
AdaptiveMath-AI,primary_subject_id,217,197,30,21,0.6751269035532995,low_support,,,,,,,,,,
HGB100,primary_subject_id,217,197,30,21,0.6751269035532995,low_support,,,,,,,,,,
AdaptiveMath-AI,primary_subject_id,218,26,20,3,0.6153846153846154,low_support,,,,,,,,,,
HGB100,primary_subject_id,218,26,20,3,0.6153846153846154,low_support,,,,,,,,,,
AdaptiveMath-AI,primary_subject_id,219,1375,400,148,0.6741818181818182,estimable,0.7513580674988494,0.8637697226637553,0.5799311171632447,0.537033840796086,0.18217059382976838,0.028627401668884174,0.06055253614681699,0.9559222806559378,0.7163636363636373,
HGB100,primary_subject_id,219,1375,400,148,0.6741818181818182,estimable,0.7487876117275443,0.8620142266836659,0.5799519494196068,0.5388885564869589,0.1833128958031893,0.033440790716821316,0.11829001339936722,0.9351237661542173,0.7207272727272738,
AdaptiveMath-AI,primary_subject_id,220,1640,424,224,0.6426829268292683,estimable,0.7667159399265596,0.860513890569923,0.6003239306661128,0.5435710347086857,0.18494796641943664,0.028557320343483048,0.03708010372618709,1.0084998495054844,0.7115853658536591,
HGB100,primary_subject_id,220,1640,424,224,0.6426829268292683,estimable,0.7561483637823732,0.8544359554413866,0.5757617553335967,0.5520619262959655,0.1886448971001799,0.02234061625091985,0.026835346652871652,0.9543385061537897,0.7097560975609761,
AdaptiveMath-AI,primary_subject_id,221,1604,382,198,0.6259351620947631,estimable,0.7585175962815398,0.8490500344144147,0.6267096261005459,0.5576242824502606,0.19172095803917688,0.042573580198205105,-0.17266905572484534,0.978695476348136,0.7019950124688297,
HGB100,primary_subject_id,221,1604,382,198,0.6259351620947631,estimable,0.7504706175298799,0.8432983359575458,0.6168005799361144,0.5651136685849962,0.19479055527168998,0.045072512252679706,-0.19770683972467668,0.9559627077785712,0.6957605985037425,
AdaptiveMath-AI,primary_subject_id,222,667,221,119,0.8035982008995503,low_support,,,,,,,,,,
HGB100,primary_subject_id,222,667,221,119,0.8035982008995503,low_support,,,,,,,,,,
AdaptiveMath-AI,primary_subject_id,223,805,247,104,0.7267080745341615,low_support,,,,,,,,,,
HGB100,primary_subject_id,223,805,247,104,0.7267080745341615,low_support,,,,,,,,,,
AdaptiveMath-AI,primary_subject_id,224,896,266,169,0.734375,low_support,,,,,,,,,,
HGB100,primary_subject_id,224,896,266,169,0.734375,low_support,,,,,,,,,,
AdaptiveMath-AI,primary_subject_id,225,3348,460,430,0.6547192353643967,estimable,0.7840103127446788,0.8714633290600836,0.621682335450551,0.5244487682139174,0.17615589814786536,0.02531576429176717,-0.03329174399017836,1.0611784044053094,0.7264038231780146,
HGB100,primary_subject_id,225,3348,460,430,0.6547192353643967,estimable,0.779593496640822,0.8698244168332749,0.6168760129232045,0.5277792613832208,0.17781738799735095,0.020882342637549414,0.02565083115005931,1.020703857757767,0.7228195937873336,
AdaptiveMath-AI,primary_subject_id,226,1828,338,181,0.686542669584245,estimable,0.7938076663676875,0.8923640664665303,0.6144012493050496,0.5012037016334281,0.16740031175397915,0.03357578722735178,-0.23751109351499797,1.1812227833706281,0.7494529540481418,
HGB100,primary_subject_id,226,1828,338,181,0.686542669584245,estimable,0.784194461247505,0.8863188356016845,0.6086696509437786,0.5078307607960008,0.17000185028128573,0.03194690783086963,-0.17781242318281978,1.093424804690922,0.7396061269146625,
AdaptiveMath-AI,primary_subject_id,227,1009,246,97,0.6749256689791873,estimable,0.7405402743454735,0.8504756884795688,0.5709932003670284,0.5459372771135831,0.18408273624024443,0.03947149270837041,0.09928693945965288,0.9391134627848275,0.7403369672943492,
HGB100,primary_subject_id,227,1009,246,97,0.6749256689791873,estimable,0.7407126356505844,0.8507474996469852,0.5710125921220508,0.5465349864211558,0.18445590169741213,0.031174772696697266,0.08888611160381195,0.925055036368158,0.7264618434093146,
AdaptiveMath-AI,primary_subject_id,228,1835,300,197,0.6245231607629428,estimable,0.7757898362956157,0.8568205292923958,0.6437450988352196,0.540950032287451,0.18422947167036807,0.023585937102081095,-0.06977123011781511,1.0578235462725265,0.7117166212534044,
HGB100,primary_subject_id,228,1835,300,197,0.6245231607629428,estimable,0.7747747576602665,0.8590740495651852,0.632488114044262,0.5417129801188459,0.18484076626835147,0.028981004140378488,-0.074613576386645,1.0658786071350392,0.7100817438692082,
AdaptiveMath-AI,primary_subject_id,229,884,223,92,0.7432126696832579,low_support,,,,,,,,,,
HGB100,primary_subject_id,229,884,223,92,0.7432126696832579,low_support,,,,,,,,,,
AdaptiveMath-AI,primary_subject_id,230,2771,518,289,0.6708769397329484,estimable,0.7789411162386886,0.8757164931964736,0.6160955516640997,0.5221107041355477,0.1752827063960994,0.0300442236968575,-0.15650686760067248,1.160496186338111,0.7293395885961711,
HGB100,primary_subject_id,230,2771,518,289,0.6708769397329484,estimable,0.77264971027623,0.8720066709132939,0.6030106489655334,0.526839875978257,0.1773365261135913,0.02420266821762264,-0.13828042737242302,1.1176771393180696,0.7278960664020174,
AdaptiveMath-AI,primary_subject_id,231,1669,354,165,0.6578789694427801,estimable,0.7831106708902364,0.87713308430136,0.6246385759361515,0.5219080086928939,0.1760829206624986,0.028171749962468323,-0.027145916599676325,1.119523726525707,0.7267825044937091,
HGB100,primary_subject_id,231,1669,354,165,0.6578789694427801,estimable,0.7797531892088478,0.87412404616723,0.6198460293442294,0.5250423524759751,0.1772135478003057,0.030228050611699166,-0.020021749958408854,1.0976867918131363,0.7207908927501501,
AdaptiveMath-AI,primary_subject_id,232,1189,296,120,0.6333052985702271,estimable,0.745877346881588,0.8364039682891337,0.5711402844616187,0.5681373086152335,0.19437483782156598,0.04065217728222929,0.03229668314188508,0.8790738888562877,0.6913372582001678,
HGB100,primary_subject_id,232,1189,296,120,0.6333052985702271,estimable,0.7476348428914327,0.8391098378204134,0.578417717464177,0.5659412337603807,0.1937342528956702,0.04282489662021876,0.034378228230834924,0.8894322280290798,0.6921783010933553,
AdaptiveMath-AI,primary_subject_id,233,2813,452,273,0.6878777106292214,estimable,0.7772603933063718,0.8756802523057039,0.6085105196111704,0.5131221280398055,0.17014505399324112,0.0309849059696674,0.045462602581648956,1.1112858962022725,0.7507998578030582,
HGB100,primary_subject_id,233,2813,452,273,0.6878777106292214,estimable,0.7734038483045176,0.8738951166954747,0.6004809847187909,0.5155392745804386,0.17123185856041928,0.027150483965417502,0.07861134132460085,1.0823378951736378,0.7497333807323152,
AdaptiveMath-AI,primary_subject_id,234,1539,343,177,0.6081871345029239,estimable,0.7492266232937942,0.8190410657881497,0.6346028150939017,0.5745631591409939,0.19631290066301102,0.043097400697401506,-0.10095380274115173,0.9588557155107293,0.7082521117608837,
HGB100,primary_subject_id,234,1539,343,177,0.6081871345029239,estimable,0.7482397485507007,0.8192886856204671,0.6260984883132363,0.5744859305797833,0.19654873117082508,0.022147667317532586,-0.07190880238388762,0.963042337308419,0.6965562053281351,
AdaptiveMath-AI,primary_subject_id,235,404,156,59,0.551980198019802,low_support,,,,,,,,,,
HGB100,primary_subject_id,235,404,156,59,0.551980198019802,low_support,,,,,,,,,,
AdaptiveMath-AI,primary_subject_id,236,510,142,125,0.5137254901960784,low_support,,,,,,,,,,
HGB100,primary_subject_id,236,510,142,125,0.5137254901960784,low_support,,,,,,,,,,
AdaptiveMath-AI,primary_subject_id,237,2072,423,241,0.6838803088803089,estimable,0.7676905838051666,0.8781459196373613,0.5808520099225836,0.5306912544908629,0.17868779198571189,0.055692688303162624,0.24850218355601664,1.1539792157864581,0.7191119691119681,
HGB100,primary_subject_id,237,2072,423,241,0.6838803088803089,estimable,0.7669606253400729,0.878164085735682,0.572541938167811,0.5331846409174554,0.1797324667031287,0.060608161930626576,0.27285462419196715,1.166774310480841,0.7229729729729719,
AdaptiveMath-AI,primary_subject_id,238,1309,321,107,0.6455309396485867,estimable,0.7737081718016722,0.8501298091811629,0.6534746415835859,0.5368242472535057,0.17937408942068175,0.04044951143696987,-0.0795733291184099,1.1383551063952175,0.7517188693659289,
HGB100,primary_subject_id,238,1309,321,107,0.6455309396485867,estimable,0.7722569373597215,0.8497905297268008,0.6421268221365464,0.5372791704697566,0.1796940154967913,0.03517105051476181,-0.06764124997217984,1.1343973563589587,0.7547746371275792,
AdaptiveMath-AI,primary_subject_id,239,1379,339,115,0.653372008701958,estimable,0.7728442130779917,0.8632850789519705,0.6065534905218184,0.5382253580049907,0.18139004959059268,0.047575523248786195,0.1481877595036449,1.0647414389698102,0.7179115300942711,
HGB100,primary_subject_id,239,1379,339,115,0.653372008701958,estimable,0.7693195380307407,0.8624104701906301,0.6049239490685221,0.5398543737536233,0.18233144082912056,0.04779362322943518,0.1362902930807814,1.0632844020396452,0.7229876722262508,
AdaptiveMath-AI,primary_subject_id,240,810,240,81,0.6765432098765433,low_support,,,,,,,,,,
HGB100,primary_subject_id,240,810,240,81,0.6765432098765433,low_support,,,,,,,,,,
AdaptiveMath-AI,primary_subject_id,241,1063,303,110,0.6575729068673566,estimable,0.7515721045764023,0.8514829886730229,0.5831832006429164,0.5495735624176846,0.1865414609077392,0.03518997420474508,-0.09229643582469955,1.005141479124191,0.7177798682972714,
HGB100,primary_subject_id,241,1063,303,110,0.6575729068673566,estimable,0.7481390212076967,0.8508616365493641,0.5821553301266396,0.5508671648828045,0.18755349781031838,0.034235488064307804,-0.09244215735083726,0.9866036693481662,0.7196613358419561,
AdaptiveMath-AI,primary_subject_id,242,420,149,84,0.7071428571428572,low_support,,,,,,,,,,
HGB100,primary_subject_id,242,420,149,84,0.7071428571428572,low_support,,,,,,,,,,
AdaptiveMath-AI,primary_subject_id,243,1651,397,172,0.7001817080557238,estimable,0.7229448463877535,0.8548722099482461,0.5057963831312525,0.5476115682903587,0.1850927546718939,0.039376065345698555,0.2275771020933177,0.961594452328337,0.7183525136281023,
HGB100,primary_subject_id,243,1651,397,172,0.7001817080557238,estimable,0.7104819824543014,0.8468660425851433,0.4955533218084347,0.5568241084914592,0.18892302746365647,0.05343804526574161,0.29240615054844843,0.8961821469870969,0.7032101756511188,
AdaptiveMath-AI,primary_subject_id,244,335,97,64,0.6298507462686567,low_support,,,,,,,,,,
HGB100,primary_subject_id,244,335,97,64,0.6298507462686567,low_support,,,,,,,,,,
AdaptiveMath-AI,primary_subject_id,245,1365,382,156,0.6446886446886447,estimable,0.7654791471415182,0.8534372686911789,0.6130646243470913,0.5439787754370513,0.18389149691376822,0.03070037019651168,-0.01976399996954928,0.9700878384496143,0.7340659340659326,
HGB100,primary_subject_id,245,1365,382,156,0.6446886446886447,estimable,0.7566307403936269,0.8477818223965454,0.6119489381856035,0.5505482396688541,0.18682025310288636,0.028237616284843853,0.019786191322289853,0.9093577683375202,0.7245421245421231,
AdaptiveMath-AI,primary_subject_id,246,470,200,62,0.6808510638297872,low_support,,,,,,,,,,
HGB100,primary_subject_id,246,470,200,62,0.6808510638297872,low_support,,,,,,,,,,
AdaptiveMath-AI,primary_subject_id,247,1827,317,251,0.6825396825396826,estimable,0.7703771810966943,0.8729824034138678,0.5932896397411112,0.5211982430784353,0.17404346152801992,0.027227301852858814,-0.14369096189196207,1.0892970066354668,0.7520525451559922,
HGB100,primary_subject_id,247,1827,317,251,0.6825396825396826,estimable,0.7633465143931574,0.8679238889125639,0.5902506486606511,0.5254886986644477,0.17576628423364887,0.027135864850597113,-0.10447451647825574,1.0571953936204173,0.7438423645320185,
AdaptiveMath-AI,primary_subject_id,248,286,108,52,0.7867132867132867,low_support,,,,,,,,,,
HGB100,primary_subject_id,248,286,108,52,0.7867132867132867,low_support,,,,,,,,,,
AdaptiveMath-AI,primary_subject_id,249,432,95,63,0.6851851851851852,low_support,,,,,,,,,,
HGB100,primary_subject_id,249,432,95,63,0.6851851851851852,low_support,,,,,,,,,,
AdaptiveMath-AI,primary_subject_id,250,225,89,37,0.6488888888888888,low_support,,,,,,,,,,
HGB100,primary_subject_id,250,225,89,37,0.6488888888888888,low_support,,,,,,,,,,
AdaptiveMath-AI,primary_subject_id,251,2100,454,199,0.5852380952380952,estimable,0.7466820307923895,0.8052687730920597,0.6713056395162804,0.5801617572833802,0.19926087006099433,0.03359797443397335,-0.023953457311579975,1.0627684375810922,0.6914285714285726,
HGB100,primary_subject_id,251,2100,454,199,0.5852380952380952,estimable,0.7389096639852532,0.7995768555002873,0.6590394761845433,0.58643812326925,0.20202040333228258,0.03380292420767467,0.009420251450567713,1.0238419561019985,0.6895238095238108,
AdaptiveMath-AI,primary_subject_id,252,463,214,70,0.5572354211663066,low_support,,,,,,,,,,
HGB100,primary_subject_id,252,463,214,70,0.5572354211663066,low_support,,,,,,,,,,
AdaptiveMath-AI,primary_subject_id,253,287,123,33,0.6306620209059234,low_support,,,,,,,,,,
HGB100,primary_subject_id,253,287,123,33,0.6306620209059234,low_support,,,,,,,,,,
AdaptiveMath-AI,primary_subject_id,254,321,144,39,0.48598130841121495,low_support,,,,,,,,,,
HGB100,primary_subject_id,254,321,144,39,0.48598130841121495,low_support,,,,,,,,,,
AdaptiveMath-AI,primary_subject_id,256,206,71,43,0.5776699029126213,low_support,,,,,,,,,,
HGB100,primary_subject_id,256,206,71,43,0.5776699029126213,low_support,,,,,,,,,,
AdaptiveMath-AI,primary_subject_id,257,597,199,79,0.6164154103852596,low_support,,,,,,,,,,
HGB100,primary_subject_id,257,597,199,79,0.6164154103852596,low_support,,,,,,,,,,
AdaptiveMath-AI,primary_subject_id,258,288,158,43,0.7118055555555556,low_support,,,,,,,,,,
HGB100,primary_subject_id,258,288,158,43,0.7118055555555556,low_support,,,,,,,,,,
AdaptiveMath-AI,primary_subject_id,259,446,191,80,0.6143497757847534,low_support,,,,,,,,,,
HGB100,primary_subject_id,259,446,191,80,0.6143497757847534,low_support,,,,,,,,,,
AdaptiveMath-AI,primary_subject_id,260,468,234,68,0.5299145299145299,low_support,,,,,,,,,,
HGB100,primary_subject_id,260,468,234,68,0.5299145299145299,low_support,,,,,,,,,,
AdaptiveMath-AI,primary_subject_id,261,325,111,74,0.64,low_support,,,,,,,,,,
HGB100,primary_subject_id,261,325,111,74,0.64,low_support,,,,,,,,,,
AdaptiveMath-AI,primary_subject_id,262,189,112,35,0.6137566137566137,low_support,,,,,,,,,,
HGB100,primary_subject_id,262,189,112,35,0.6137566137566137,low_support,,,,,,,,,,
AdaptiveMath-AI,primary_subject_id,263,224,127,41,0.5267857142857143,low_support,,,,,,,,,,
HGB100,primary_subject_id,263,224,127,41,0.5267857142857143,low_support,,,,,,,,,,
AdaptiveMath-AI,primary_subject_id,264,389,199,44,0.532133676092545,low_support,,,,,,,,,,
HGB100,primary_subject_id,264,389,199,44,0.532133676092545,low_support,,,,,,,,,,
AdaptiveMath-AI,primary_subject_id,265,427,158,54,0.49414519906323184,low_support,,,,,,,,,,
HGB100,primary_subject_id,265,427,158,54,0.49414519906323184,low_support,,,,,,,,,,
AdaptiveMath-AI,primary_subject_id,266,394,136,46,0.4720812182741117,low_support,,,,,,,,,,
HGB100,primary_subject_id,266,394,136,46,0.4720812182741117,low_support,,,,,,,,,,
AdaptiveMath-AI,primary_subject_id,267,143,72,18,0.48951048951048953,low_support,,,,,,,,,,
HGB100,primary_subject_id,267,143,72,18,0.48951048951048953,low_support,,,,,,,,,,
AdaptiveMath-AI,primary_subject_id,268,159,92,25,0.41509433962264153,low_support,,,,,,,,,,
HGB100,primary_subject_id,268,159,92,25,0.41509433962264153,low_support,,,,,,,,,,
AdaptiveMath-AI,primary_subject_id,269,700,211,180,0.6542857142857142,low_support,,,,,,,,,,
HGB100,primary_subject_id,269,700,211,180,0.6542857142857142,low_support,,,,,,,,,,
AdaptiveMath-AI,primary_subject_id,270,142,73,22,0.6830985915492958,low_support,,,,,,,,,,
HGB100,primary_subject_id,270,142,73,22,0.6830985915492958,low_support,,,,,,,,,,
AdaptiveMath-AI,primary_subject_id,273,231,86,53,0.47186147186147187,low_support,,,,,,,,,,
HGB100,primary_subject_id,273,231,86,53,0.47186147186147187,low_support,,,,,,,,,,
AdaptiveMath-AI,primary_subject_id,274,77,54,17,0.8181818181818182,low_support,,,,,,,,,,
HGB100,primary_subject_id,274,77,54,17,0.8181818181818182,low_support,,,,,,,,,,
AdaptiveMath-AI,primary_subject_id,275,227,58,75,0.7312775330396476,low_support,,,,,,,,,,
HGB100,primary_subject_id,275,227,58,75,0.7312775330396476,low_support,,,,,,,,,,
AdaptiveMath-AI,primary_subject_id,276,50,24,24,0.56,low_support,,,,,,,,,,
HGB100,primary_subject_id,276,50,24,24,0.56,low_support,,,,,,,,,,
AdaptiveMath-AI,primary_subject_id,277,39,21,16,0.5128205128205128,low_support,,,,,,,,,,
HGB100,primary_subject_id,277,39,21,16,0.5128205128205128,low_support,,,,,,,,,,
AdaptiveMath-AI,primary_subject_id,279,1369,226,181,0.6179693206720234,estimable,0.7325881778609502,0.818492769071669,0.599671063838198,0.5838759027313357,0.20112634116801148,0.03965677430462531,-0.12710673672797101,0.9670988858616163,0.6778670562454358,
HGB100,primary_subject_id,279,1369,226,181,0.6179693206720234,estimable,0.7278430947118153,0.820874710049355,0.5935408012160308,0.5856475830385502,0.20258902820614647,0.04183169141768605,-0.12150144724022469,0.9632231109749929,0.6742147552958375,
AdaptiveMath-AI,primary_subject_id,280,233,70,61,0.6952789699570815,low_support,,,,,,,,,,
HGB100,primary_subject_id,280,233,70,61,0.6952789699570815,low_support,,,,,,,,,,
AdaptiveMath-AI,primary_subject_id,281,104,53,21,0.6634615384615384,low_support,,,,,,,,,,
HGB100,primary_subject_id,281,104,53,21,0.6634615384615384,low_support,,,,,,,,,,
AdaptiveMath-AI,primary_subject_id,282,128,54,35,0.75,low_support,,,,,,,,,,
HGB100,primary_subject_id,282,128,54,35,0.75,low_support,,,,,,,,,,
AdaptiveMath-AI,primary_subject_id,283,131,69,25,0.7099236641221374,low_support,,,,,,,,,,
HGB100,primary_subject_id,283,131,69,25,0.7099236641221374,low_support,,,,,,,,,,
AdaptiveMath-AI,primary_subject_id,284,321,76,84,0.5950155763239875,low_support,,,,,,,,,,
HGB100,primary_subject_id,284,321,76,84,0.5950155763239875,low_support,,,,,,,,,,
AdaptiveMath-AI,primary_subject_id,332,281,84,63,0.6512455516014235,low_support,,,,,,,,,,
HGB100,primary_subject_id,332,281,84,63,0.6512455516014235,low_support,,,,,,,,,,
AdaptiveMath-AI,primary_subject_id,334,1184,254,119,0.5878378378378378,estimable,0.7617445119653247,0.8274015603315494,0.656264493905635,0.5664416823427694,0.19431519620301269,0.031818202398775836,-0.11677257296091748,1.0906549112027548,0.7069256756756761,
HGB100,primary_subject_id,334,1184,254,119,0.5878378378378378,estimable,0.7571309120030107,0.8224267698277858,0.6572496382065138,0.5697876448601168,0.19569752235297258,0.024128672413075043,-0.1106996411188976,1.066757693086849,0.6993243243243248,
AdaptiveMath-AI,primary_subject_id,335,112,59,17,0.5178571428571429,low_support,,,,,,,,,,
HGB100,primary_subject_id,335,112,59,17,0.5178571428571429,low_support,,,,,,,,,,
AdaptiveMath-AI,primary_subject_id,336,132,70,38,0.8181818181818182,low_support,,,,,,,,,,
HGB100,primary_subject_id,336,132,70,38,0.8181818181818182,low_support,,,,,,,,,,
AdaptiveMath-AI,primary_subject_id,337,323,109,72,0.4891640866873065,low_support,,,,,,,,,,
HGB100,primary_subject_id,337,323,109,72,0.4891640866873065,low_support,,,,,,,,,,
AdaptiveMath-AI,primary_subject_id,339,142,90,41,0.5492957746478874,low_support,,,,,,,,,,
HGB100,primary_subject_id,339,142,90,41,0.5492957746478874,low_support,,,,,,,,,,
AdaptiveMath-AI,primary_subject_id,340,366,110,55,0.5136612021857924,low_support,,,,,,,,,,
HGB100,primary_subject_id,340,366,110,55,0.5136612021857924,low_support,,,,,,,,,,
AdaptiveMath-AI,primary_subject_id,341,107,75,20,0.48598130841121495,low_support,,,,,,,,,,
HGB100,primary_subject_id,341,107,75,20,0.48598130841121495,low_support,,,,,,,,,,
AdaptiveMath-AI,primary_subject_id,343,81,33,20,0.5802469135802469,low_support,,,,,,,,,,
HGB100,primary_subject_id,343,81,33,20,0.5802469135802469,low_support,,,,,,,,,,
AdaptiveMath-AI,primary_subject_id,344,382,91,70,0.6308900523560209,low_support,,,,,,,,,,
HGB100,primary_subject_id,344,382,91,70,0.6308900523560209,low_support,,,,,,,,,,
AdaptiveMath-AI,primary_subject_id,349,650,168,85,0.5276923076923077,low_support,,,,,,,,,,
HGB100,primary_subject_id,349,650,168,85,0.5276923076923077,low_support,,,,,,,,,,
AdaptiveMath-AI,primary_subject_id,350,441,132,68,0.6349206349206349,low_support,,,,,,,,,,
HGB100,primary_subject_id,350,441,132,68,0.6349206349206349,low_support,,,,,,,,,,
AdaptiveMath-AI,primary_subject_id,351,17,8,8,0.8235294117647058,low_support,,,,,,,,,,
HGB100,primary_subject_id,351,17,8,8,0.8235294117647058,low_support,,,,,,,,,,
AdaptiveMath-AI,primary_subject_id,352,2,1,2,0.0,low_support,,,,,,,,,,
HGB100,primary_subject_id,352,2,1,2,0.0,low_support,,,,,,,,,,
AdaptiveMath-AI,primary_subject_id,353,576,128,75,0.5920138888888888,low_support,,,,,,,,,,
HGB100,primary_subject_id,353,576,128,75,0.5920138888888888,low_support,,,,,,,,,,
AdaptiveMath-AI,primary_subject_id,354,2,2,1,1.0,low_support,,,,,,,,,,
HGB100,primary_subject_id,354,2,2,1,1.0,low_support,,,,,,,,,,
AdaptiveMath-AI,primary_subject_id,355,1,1,1,1.0,low_support,,,,,,,,,,
HGB100,primary_subject_id,355,1,1,1,1.0,low_support,,,,,,,,,,
AdaptiveMath-AI,primary_subject_id,361,5,1,5,0.6,low_support,,,,,,,,,,
HGB100,primary_subject_id,361,5,1,5,0.6,low_support,,,,,,,,,,
AdaptiveMath-AI,primary_subject_id,365,1,1,1,1.0,low_support,,,,,,,,,,
HGB100,primary_subject_id,365,1,1,1,1.0,low_support,,,,,,,,,,
AdaptiveMath-AI,primary_subject_id,369,7,3,4,1.0,low_support,,,,,,,,,,
HGB100,primary_subject_id,369,7,3,4,1.0,low_support,,,,,,,,,,
AdaptiveMath-AI,primary_subject_id,370,2,2,1,1.0,low_support,,,,,,,,,,
HGB100,primary_subject_id,370,2,2,1,1.0,low_support,,,,,,,,,,
AdaptiveMath-AI,primary_subject_id,371,4,3,3,0.5,low_support,,,,,,,,,,
HGB100,primary_subject_id,371,4,3,3,0.5,low_support,,,,,,,,,,
AdaptiveMath-AI,primary_subject_id,372,15,7,9,0.8666666666666667,low_support,,,,,,,,,,
HGB100,primary_subject_id,372,15,7,9,0.8666666666666667,low_support,,,,,,,,,,
AdaptiveMath-AI,primary_subject_id,374,1,1,1,0.0,low_support,,,,,,,,,,
HGB100,primary_subject_id,374,1,1,1,0.0,low_support,,,,,,,,,,
AdaptiveMath-AI,primary_subject_id,375,2,2,2,1.0,low_support,,,,,,,,,,
HGB100,primary_subject_id,375,2,2,2,1.0,low_support,,,,,,,,,,
AdaptiveMath-AI,primary_subject_id,376,2,2,1,1.0,low_support,,,,,,,,,,
HGB100,primary_subject_id,376,2,2,1,1.0,low_support,,,,,,,,,,
AdaptiveMath-AI,primary_subject_id,388,3,1,3,1.0,low_support,,,,,,,,,,
HGB100,primary_subject_id,388,3,1,3,1.0,low_support,,,,,,,,,,
AdaptiveMath-AI,primary_subject_id,406,1138,267,143,0.6985940246045694,estimable,0.738916698754967,0.8657646884232514,0.5437929646138258,0.5347166987231498,0.18012677892487222,0.03618570604303062,0.200283289984763,0.9369402346093663,0.7267135325131797,
HGB100,primary_subject_id,406,1138,267,143,0.6985940246045694,estimable,0.7243999486587023,0.8533762925999878,0.5261760673697671,0.5454133483855567,0.18396597218720206,0.049700814760845355,0.24053857085496413,0.8684119035774288,0.7328646748681884,
AdaptiveMath-AI,primary_subject_id,408,191,128,38,0.5287958115183246,low_support,,,,,,,,,,
HGB100,primary_subject_id,408,191,128,38,0.5287958115183246,low_support,,,,,,,,,,
AdaptiveMath-AI,primary_subject_id,409,190,110,31,0.5894736842105263,low_support,,,,,,,,,,
HGB100,primary_subject_id,409,190,110,31,0.5894736842105263,low_support,,,,,,,,,,
AdaptiveMath-AI,primary_subject_id,410,77,59,12,0.5844155844155844,low_support,,,,,,,,,,
HGB100,primary_subject_id,410,77,59,12,0.5844155844155844,low_support,,,,,,,,,,
AdaptiveMath-AI,primary_subject_id,412,2,2,1,1.0,low_support,,,,,,,,,,
HGB100,primary_subject_id,412,2,2,1,1.0,low_support,,,,,,,,,,
AdaptiveMath-AI,primary_subject_id,416,9,3,4,0.5555555555555556,low_support,,,,,,,,,,
HGB100,primary_subject_id,416,9,3,4,0.5555555555555556,low_support,,,,,,,,,,
AdaptiveMath-AI,primary_subject_id,417,22,4,10,0.7272727272727273,low_support,,,,,,,,,,
HGB100,primary_subject_id,417,22,4,10,0.7272727272727273,low_support,,,,,,,,,,
AdaptiveMath-AI,primary_subject_id,418,9,4,5,0.4444444444444444,low_support,,,,,,,,,,
HGB100,primary_subject_id,418,9,4,5,0.4444444444444444,low_support,,,,,,,,,,
AdaptiveMath-AI,primary_subject_id,430,7,1,7,1.0,low_support,,,,,,,,,,
HGB100,primary_subject_id,430,7,1,7,1.0,low_support,,,,,,,,,,
AdaptiveMath-AI,primary_subject_id,431,5,3,4,1.0,low_support,,,,,,,,,,
HGB100,primary_subject_id,431,5,3,4,1.0,low_support,,,,,,,,,,
AdaptiveMath-AI,primary_subject_id,432,1,1,1,1.0,low_support,,,,,,,,,,
HGB100,primary_subject_id,432,1,1,1,1.0,low_support,,,,,,,,,,
AdaptiveMath-AI,primary_subject_id,434,191,65,38,0.6020942408376964,low_support,,,,,,,,,,
HGB100,primary_subject_id,434,191,65,38,0.6020942408376964,low_support,,,,,,,,,,
AdaptiveMath-AI,primary_subject_id,435,12,3,7,0.75,low_support,,,,,,,,,,
HGB100,primary_subject_id,435,12,3,7,0.75,low_support,,,,,,,,,,
AdaptiveMath-AI,primary_subject_id,436,82,51,15,0.34146341463414637,low_support,,,,,,,,,,
HGB100,primary_subject_id,436,82,51,15,0.34146341463414637,low_support,,,,,,,,,,
AdaptiveMath-AI,primary_subject_id,437,88,49,26,0.4772727272727273,low_support,,,,,,,,,,
HGB100,primary_subject_id,437,88,49,26,0.4772727272727273,low_support,,,,,,,,,,
AdaptiveMath-AI,primary_subject_id,439,877,317,167,0.6476624857468644,low_support,,,,,,,,,,
HGB100,primary_subject_id,439,877,317,167,0.6476624857468644,low_support,,,,,,,,,,
AdaptiveMath-AI,primary_subject_id,446,10,3,4,0.9,low_support,,,,,,,,,,
HGB100,primary_subject_id,446,10,3,4,0.9,low_support,,,,,,,,,,
AdaptiveMath-AI,primary_subject_id,447,10,3,5,0.8,low_support,,,,,,,,,,
HGB100,primary_subject_id,447,10,3,5,0.8,low_support,,,,,,,,,,
AdaptiveMath-AI,primary_subject_id,448,11,2,6,0.8181818181818182,low_support,,,,,,,,,,
HGB100,primary_subject_id,448,11,2,6,0.8181818181818182,low_support,,,,,,,,,,
AdaptiveMath-AI,primary_subject_id,453,5,3,2,0.8,low_support,,,,,,,,,,
HGB100,primary_subject_id,453,5,3,2,0.8,low_support,,,,,,,,,,
AdaptiveMath-AI,primary_subject_id,649,297,137,48,0.6397306397306397,low_support,,,,,,,,,,
HGB100,primary_subject_id,649,297,137,48,0.6397306397306397,low_support,,,,,,,,,,
AdaptiveMath-AI,primary_subject_id,654,1,1,1,1.0,low_support,,,,,,,,,,
HGB100,primary_subject_id,654,1,1,1,1.0,low_support,,,,,,,,,,
AdaptiveMath-AI,primary_subject_id,655,289,162,39,0.7370242214532872,low_support,,,,,,,,,,
HGB100,primary_subject_id,655,289,162,39,0.7370242214532872,low_support,,,,,,,,,,
AdaptiveMath-AI,primary_subject_id,656,96,69,23,0.6354166666666666,low_support,,,,,,,,,,
HGB100,primary_subject_id,656,96,69,23,0.6354166666666666,low_support,,,,,,,,,,
AdaptiveMath-AI,primary_subject_id,657,35,16,10,0.42857142857142855,low_support,,,,,,,,,,
HGB100,primary_subject_id,657,35,16,10,0.42857142857142855,low_support,,,,,,,,,,
AdaptiveMath-AI,primary_subject_id,700,33,11,15,0.6060606060606061,low_support,,,,,,,,,,
HGB100,primary_subject_id,700,33,11,15,0.6060606060606061,low_support,,,,,,,,,,
AdaptiveMath-AI,primary_subject_id,1059,116,54,19,0.6982758620689655,low_support,,,,,,,,,,
HGB100,primary_subject_id,1059,116,54,19,0.6982758620689655,low_support,,,,,,,,,,
AdaptiveMath-AI,primary_subject_id,1076,14,5,9,0.7142857142857143,low_support,,,,,,,,,,
HGB100,primary_subject_id,1076,14,5,9,0.7142857142857143,low_support,,,,,,,,,,
AdaptiveMath-AI,primary_subject_id,1077,378,104,62,0.5925925925925926,low_support,,,,,,,,,,
HGB100,primary_subject_id,1077,378,104,62,0.5925925925925926,low_support,,,,,,,,,,
AdaptiveMath-AI,primary_subject_id,1078,204,87,37,0.5490196078431373,low_support,,,,,,,,,,
HGB100,primary_subject_id,1078,204,87,37,0.5490196078431373,low_support,,,,,,,,,,
AdaptiveMath-AI,primary_subject_id,1079,88,49,18,0.4431818181818182,low_support,,,,,,,,,,
HGB100,primary_subject_id,1079,88,49,18,0.4431818181818182,low_support,,,,,,,,,,
AdaptiveMath-AI,primary_subject_id,1080,84,34,18,0.6309523809523809,low_support,,,,,,,,,,
HGB100,primary_subject_id,1080,84,34,18,0.6309523809523809,low_support,,,,,,,,,,
AdaptiveMath-AI,primary_subject_id,1081,101,42,28,0.6633663366336634,low_support,,,,,,,,,,
HGB100,primary_subject_id,1081,101,42,28,0.6633663366336634,low_support,,,,,,,,,,
AdaptiveMath-AI,primary_subject_id,1082,300,122,54,0.63,low_support,,,,,,,,,,
HGB100,primary_subject_id,1082,300,122,54,0.63,low_support,,,,,,,,,,
AdaptiveMath-AI,primary_subject_id,1156,83,9,34,0.7951807228915663,low_support,,,,,,,,,,
HGB100,primary_subject_id,1156,83,9,34,0.7951807228915663,low_support,,,,,,,,,,
AdaptiveMath-AI,primary_subject_id,1157,24,7,10,0.75,low_support,,,,,,,,,,
HGB100,primary_subject_id,1157,24,7,10,0.75,low_support,,,,,,,,,,
AdaptiveMath-AI,primary_subject_id,1158,2,2,1,0.5,low_support,,,,,,,,,,
HGB100,primary_subject_id,1158,2,2,1,0.5,low_support,,,,,,,,,,
AdaptiveMath-AI,primary_subject_id,1159,20,15,7,0.9,low_support,,,,,,,,,,
HGB100,primary_subject_id,1159,20,15,7,0.9,low_support,,,,,,,,,,
AdaptiveMath-AI,primary_subject_id,1160,41,22,12,0.8536585365853658,low_support,,,,,,,,,,
HGB100,primary_subject_id,1160,41,22,12,0.8536585365853658,low_support,,,,,,,,,,
AdaptiveMath-AI,primary_subject_id,1161,12,10,7,0.6666666666666666,low_support,,,,,,,,,,
HGB100,primary_subject_id,1161,12,10,7,0.6666666666666666,low_support,,,,,,,,,,
AdaptiveMath-AI,primary_subject_id,1162,27,16,14,0.7777777777777778,low_support,,,,,,,,,,
HGB100,primary_subject_id,1162,27,16,14,0.7777777777777778,low_support,,,,,,,,,,
AdaptiveMath-AI,primary_subject_id,1163,1,1,1,0.0,low_support,,,,,,,,,,
HGB100,primary_subject_id,1163,1,1,1,0.0,low_support,,,,,,,,,,
AdaptiveMath-AI,primary_subject_id,1164,8,7,5,0.875,low_support,,,,,,,,,,
HGB100,primary_subject_id,1164,8,7,5,0.875,low_support,,,,,,,,,,
AdaptiveMath-AI,primary_subject_id,1165,38,33,7,0.7894736842105263,low_support,,,,,,,,,,
HGB100,primary_subject_id,1165,38,33,7,0.7894736842105263,low_support,,,,,,,,,,
AdaptiveMath-AI,primary_subject_id,1166,5,5,2,0.4,low_support,,,,,,,,,,
HGB100,primary_subject_id,1166,5,5,2,0.4,low_support,,,,,,,,,,
AdaptiveMath-AI,primary_subject_id,1167,23,11,12,0.6956521739130435,low_support,,,,,,,,,,
HGB100,primary_subject_id,1167,23,11,12,0.6956521739130435,low_support,,,,,,,,,,
AdaptiveMath-AI,primary_subject_id,1168,7,6,2,0.7142857142857143,low_support,,,,,,,,,,
HGB100,primary_subject_id,1168,7,6,2,0.7142857142857143,low_support,,,,,,,,,,
AdaptiveMath-AI,primary_subject_id,1169,1,1,1,1.0,low_support,,,,,,,,,,
HGB100,primary_subject_id,1169,1,1,1,1.0,low_support,,,,,,,,,,
AdaptiveMath-AI,primary_subject_id,1170,21,7,13,0.7619047619047619,low_support,,,,,,,,,,
HGB100,primary_subject_id,1170,21,7,13,0.7619047619047619,low_support,,,,,,,,,,
AdaptiveMath-AI,primary_subject_id,1171,27,22,8,0.48148148148148145,low_support,,,,,,,,,,
HGB100,primary_subject_id,1171,27,22,8,0.48148148148148145,low_support,,,,,,,,,,
AdaptiveMath-AI,primary_subject_id,1172,20,6,6,0.8,low_support,,,,,,,,,,
HGB100,primary_subject_id,1172,20,6,6,0.8,low_support,,,,,,,,,,
AdaptiveMath-AI,primary_subject_id,1173,5,5,2,1.0,low_support,,,,,,,,,,
HGB100,primary_subject_id,1173,5,5,2,1.0,low_support,,,,,,,,,,
AdaptiveMath-AI,primary_subject_id,1174,51,32,15,0.7254901960784313,low_support,,,,,,,,,,
HGB100,primary_subject_id,1174,51,32,15,0.7254901960784313,low_support,,,,,,,,,,
AdaptiveMath-AI,primary_subject_id,1175,111,51,15,0.46846846846846846,low_support,,,,,,,,,,
HGB100,primary_subject_id,1175,111,51,15,0.46846846846846846,low_support,,,,,,,,,,
AdaptiveMath-AI,primary_subject_id,1177,1,1,1,1.0,low_support,,,,,,,,,,
HGB100,primary_subject_id,1177,1,1,1,1.0,low_support,,,,,,,,,,
AdaptiveMath-AI,primary_subject_id,1179,2,2,1,0.0,low_support,,,,,,,,,,
HGB100,primary_subject_id,1179,2,2,1,0.0,low_support,,,,,,,,,,
AdaptiveMath-AI,primary_subject_id,1180,21,6,12,0.5714285714285714,low_support,,,,,,,,,,
HGB100,primary_subject_id,1180,21,6,12,0.5714285714285714,low_support,,,,,,,,,,
AdaptiveMath-AI,primary_subject_id,1182,6,5,2,0.6666666666666666,low_support,,,,,,,,,,
HGB100,primary_subject_id,1182,6,5,2,0.6666666666666666,low_support,,,,,,,,,,
AdaptiveMath-AI,primary_subject_id,1183,2,2,1,0.5,low_support,,,,,,,,,,
HGB100,primary_subject_id,1183,2,2,1,0.5,low_support,,,,,,,,,,
AdaptiveMath-AI,primary_subject_id,1184,39,21,11,0.7948717948717948,low_support,,,,,,,,,,
HGB100,primary_subject_id,1184,39,21,11,0.7948717948717948,low_support,,,,,,,,,,
AdaptiveMath-AI,primary_subject_id,1185,93,32,19,0.4946236559139785,low_support,,,,,,,,,,
HGB100,primary_subject_id,1185,93,32,19,0.4946236559139785,low_support,,,,,,,,,,
AdaptiveMath-AI,primary_subject_id,1186,6,4,3,0.6666666666666666,low_support,,,,,,,,,,
HGB100,primary_subject_id,1186,6,4,3,0.6666666666666666,low_support,,,,,,,,,,
AdaptiveMath-AI,primary_subject_id,1188,49,26,15,0.5510204081632653,low_support,,,,,,,,,,
HGB100,primary_subject_id,1188,49,26,15,0.5510204081632653,low_support,,,,,,,,,,
AdaptiveMath-AI,primary_subject_id,1201,4,4,1,0.75,low_support,,,,,,,,,,
HGB100,primary_subject_id,1201,4,4,1,0.75,low_support,,,,,,,,,,
AdaptiveMath-AI,primary_subject_id,1202,2,2,1,0.0,low_support,,,,,,,,,,
HGB100,primary_subject_id,1202,2,2,1,0.0,low_support,,,,,,,,,,
AdaptiveMath-AI,primary_subject_id,1203,290,39,103,0.803448275862069,low_support,,,,,,,,,,
HGB100,primary_subject_id,1203,290,39,103,0.803448275862069,low_support,,,,,,,,,,
AdaptiveMath-AI,primary_subject_id,1208,7,7,2,0.7142857142857143,low_support,,,,,,,,,,
HGB100,primary_subject_id,1208,7,7,2,0.7142857142857143,low_support,,,,,,,,,,
AdaptiveMath-AI,primary_subject_id,1209,12,12,2,0.5,low_support,,,,,,,,,,
HGB100,primary_subject_id,1209,12,12,2,0.5,low_support,,,,,,,,,,
AdaptiveMath-AI,primary_subject_id,1210,5,4,4,0.6,low_support,,,,,,,,,,
HGB100,primary_subject_id,1210,5,4,4,0.6,low_support,,,,,,,,,,
AdaptiveMath-AI,primary_subject_id,1211,6,6,2,0.6666666666666666,low_support,,,,,,,,,,
HGB100,primary_subject_id,1211,6,6,2,0.6666666666666666,low_support,,,,,,,,,,
AdaptiveMath-AI,primary_subject_id,1212,82,45,4,0.7560975609756098,low_support,,,,,,,,,,
HGB100,primary_subject_id,1212,82,45,4,0.7560975609756098,low_support,,,,,,,,,,
AdaptiveMath-AI,primary_subject_id,1213,51,18,11,0.5882352941176471,low_support,,,,,,,,,,
HGB100,primary_subject_id,1213,51,18,11,0.5882352941176471,low_support,,,,,,,,,,
AdaptiveMath-AI,primary_subject_id,1214,130,16,21,0.8846153846153846,low_support,,,,,,,,,,
HGB100,primary_subject_id,1214,130,16,21,0.8846153846153846,low_support,,,,,,,,,,
AdaptiveMath-AI,primary_subject_id,1215,13,12,7,0.46153846153846156,low_support,,,,,,,,,,
HGB100,primary_subject_id,1215,13,12,7,0.46153846153846156,low_support,,,,,,,,,,
AdaptiveMath-AI,primary_subject_id,1216,1,1,1,1.0,low_support,,,,,,,,,,
HGB100,primary_subject_id,1216,1,1,1,1.0,low_support,,,,,,,,,,
AdaptiveMath-AI,primary_subject_id,1217,2,2,2,1.0,low_support,,,,,,,,,,
HGB100,primary_subject_id,1217,2,2,2,1.0,low_support,,,,,,,,,,
AdaptiveMath-AI,primary_subject_id,1218,3,3,1,0.0,low_support,,,,,,,,,,
HGB100,primary_subject_id,1218,3,3,1,0.0,low_support,,,,,,,,,,
AdaptiveMath-AI,primary_subject_id,1263,33,26,13,0.7575757575757576,low_support,,,,,,,,,,
HGB100,primary_subject_id,1263,33,26,13,0.7575757575757576,low_support,,,,,,,,,,
AdaptiveMath-AI,primary_subject_id,1264,9,6,4,0.3333333333333333,low_support,,,,,,,,,,
HGB100,primary_subject_id,1264,9,6,4,0.3333333333333333,low_support,,,,,,,,,,
AdaptiveMath-AI,primary_subject_id,1265,3,3,2,0.6666666666666666,low_support,,,,,,,,,,
HGB100,primary_subject_id,1265,3,3,2,0.6666666666666666,low_support,,,,,,,,,,
AdaptiveMath-AI,primary_subject_id,1266,26,12,10,0.8076923076923077,low_support,,,,,,,,,,
HGB100,primary_subject_id,1266,26,12,10,0.8076923076923077,low_support,,,,,,,,,,
AdaptiveMath-AI,primary_subject_id,1636,244,116,64,0.6311475409836066,low_support,,,,,,,,,,
HGB100,primary_subject_id,1636,244,116,64,0.6311475409836066,low_support,,,,,,,,,,
AdaptiveMath-AI,primary_subject_id,1647,308,149,48,0.42207792207792205,low_support,,,,,,,,,,
HGB100,primary_subject_id,1647,308,149,48,0.42207792207792205,low_support,,,,,,,,,,
AdaptiveMath-AI,primary_subject_id,1648,68,45,20,0.4852941176470588,low_support,,,,,,,,,,
HGB100,primary_subject_id,1648,68,45,20,0.4852941176470588,low_support,,,,,,,,,,
AdaptiveMath-AI,primary_subject_id,1649,252,82,47,0.5952380952380952,low_support,,,,,,,,,,
HGB100,primary_subject_id,1649,252,82,47,0.5952380952380952,low_support,,,,,,,,,,
AdaptiveMath-AI,primary_subject_id,1650,130,64,33,0.8076923076923077,low_support,,,,,,,,,,
HGB100,primary_subject_id,1650,130,64,33,0.8076923076923077,low_support,,,,,,,,,,
AdaptiveMath-AI,primary_subject_id,1651,56,35,18,0.6428571428571429,low_support,,,,,,,,,,
HGB100,primary_subject_id,1651,56,35,18,0.6428571428571429,low_support,,,,,,,,,,
AdaptiveMath-AI,primary_subject_id,1676,257,33,59,0.6926070038910506,low_support,,,,,,,,,,
HGB100,primary_subject_id,1676,257,33,59,0.6926070038910506,low_support,,,,,,,,,,
AdaptiveMath-AI,primary_subject_id,1750,45,31,10,0.7111111111111111,low_support,,,,,,,,,,
HGB100,primary_subject_id,1750,45,31,10,0.7111111111111111,low_support,,,,,,,,,,
AdaptiveMath-AI,primary_subject_id,1975,12,11,6,0.6666666666666666,low_support,,,,,,,,,,
HGB100,primary_subject_id,1975,12,11,6,0.6666666666666666,low_support,,,,,,,,,,
AdaptiveMath-AI,primary_subject_id,1976,9,8,3,0.7777777777777778,low_support,,,,,,,,,,
HGB100,primary_subject_id,1976,9,8,3,0.7777777777777778,low_support,,,,,,,,,,
AdaptiveMath-AI,primary_subject_id,1980,14,9,8,1.0,low_support,,,,,,,,,,
HGB100,primary_subject_id,1980,14,9,8,1.0,low_support,,,,,,,,,,
AdaptiveMath-AI,primary_subject_id,1982,31,25,3,0.45161290322580644,low_support,,,,,,,,,,
HGB100,primary_subject_id,1982,31,25,3,0.45161290322580644,low_support,,,,,,,,,,
AdaptiveMath-AI,primary_subject_id,1983,3,1,3,1.0,low_support,,,,,,,,,,
HGB100,primary_subject_id,1983,3,1,3,1.0,low_support,,,,,,,,,,
AdaptiveMath-AI,primary_subject_id,1985,6,4,3,0.8333333333333334,low_support,,,,,,,,,,
HGB100,primary_subject_id,1985,6,4,3,0.8333333333333334,low_support,,,,,,,,,,
AdaptiveMath-AI,primary_subject_id,1987,1,1,1,1.0,low_support,,,,,,,,,,
HGB100,primary_subject_id,1987,1,1,1,1.0,low_support,,,,,,,,,,
AdaptiveMath-AI,primary_subject_id,1988,2,1,2,1.0,low_support,,,,,,,,,,
HGB100,primary_subject_id,1988,2,1,2,1.0,low_support,,,,,,,,,,
